SEASON_ID,TEAM_ID,TEAM_ABBREVIATION,TEAM_NAME,GAME_ID,GAME_DATE,MATCHUP,WL,MIN,PTS,FGM,FGA,FG_PCT,FG3M,FG3A,FG3_PCT,FTM,FTA,FT_PCT,OREB,DREB,REB,AST,STL,BLK,TOV,PF,PLUS_MINUS
22023,1610612746,LAC,LA Clippers,0022301199,2024-04-14,LAC vs. HOU,L,240,105,41,104,0.394,8,37,0.216,15,17,0.882,16,35,51,23,13,8,12,14,-11.0
22023,1610612764,WAS,Washington Wizards,0022301186,2024-04-14,WAS @ BOS,L,240,122,49,103,0.476,14,38,0.368,10,10,1.0,8,28,36,33,9,4,11,16,-10.0
22023,1610612748,MIA,Miami Heat,0022301189,2024-04-14,MIA vs. TOR,W,238,118,46,87,0.529,9,36,0.25,17,19,0.895,13,33,46,29,13,7,19,16,15.0
22023,1610612762,UTA,Utah Jazz,0022301198,2024-04-14,UTA @ GSW,L,240,116,46,89,0.517,14,34,0.412,10,16,0.625,14,34,48,22,6,5,19,20,-7.0
22023,1610612751,BKN,Brooklyn Nets,0022301192,2024-04-14,BKN @ PHI,L,240,86,32,83,0.386,9,34,0.265,13,17,0.765,4,38,42,19,8,6,12,14,-21.0
22023,1610612749,MIL,Milwaukee Bucks,0022301191,2024-04-14,MIL @ ORL,L,238,88,30,75,0.4,7,27,0.259,21,23,0.913,7,27,34,16,10,4,17,18,-25.0
22023,1610612763,MEM,Memphis Grizzlies,0022301193,2024-04-14,MEM vs. DEN,L,240,111,45,100,0.45,8,33,0.242,13,18,0.722,16,27,43,22,9,2,13,18,-15.0
22023,1610612739,CLE,Cleveland Cavaliers,0022301187,2024-04-14,CLE vs. CHA,L,241,110,44,93,0.473,16,33,0.485,6,9,0.667,12,31,43,30,4,1,14,8,-10.0
22023,1610612753,ORL,Orlando Magic,0022301191,2024-04-14,ORL vs. MIL,W,240,113,42,85,0.494,11,35,0.314,18,19,0.947,7,36,43,27,11,5,11,18,25.0
22023,1610612755,PHI,Philadelphia 76ers,0022301192,2024-04-14,PHI vs. BKN,W,240,107,41,96,0.427,14,44,0.318,11,15,0.733,13,44,57,30,8,6,12,16,21.0
22023,1610612759,SAS,San Antonio Spurs,0022301197,2024-04-14,SAS vs. DET,W,241,123,49,91,0.538,15,34,0.441,10,14,0.714,12,42,54,33,9,3,13,17,28.0
22023,1610612737,ATL,Atlanta Hawks,0022301188,2024-04-14,ATL @ IND,L,241,115,39,89,0.438,12,36,0.333,25,27,0.926,9,23,32,25,6,5,15,12,-42.0
22023,1610612754,IND,Indiana Pacers,0022301188,2024-04-14,IND vs. ATL,W,239,157,65,100,0.65,19,36,0.528,8,10,0.8,12,36,48,41,10,6,14,24,42.0
22023,1610612742,DAL,Dallas Mavericks,0022301196,2024-04-14,DAL @ OKC,L,241,86,32,97,0.33,8,39,0.205,14,17,0.824,12,29,41,19,8,2,14,15,-49.0
22023,1610612765,DET,Detroit Pistons,0022301197,2024-04-14,DET @ SAS,L,239,95,36,92,0.391,8,33,0.242,15,20,0.75,11,29,40,17,7,3,14,9,-28.0
22023,1610612758,SAC,Sacramento Kings,0022301200,2024-04-14,SAC vs. POR,W,241,121,43,87,0.494,13,34,0.382,22,27,0.815,13,38,51,29,11,6,14,19,39.0
22023,1610612741,CHI,Chicago Bulls,0022301190,2024-04-14,CHI @ NYK,L,265,119,49,101,0.485,8,31,0.258,13,16,0.813,15,29,44,25,15,3,12,21,-1.0
22023,1610612760,OKC,Oklahoma City Thunder,0022301196,2024-04-14,OKC vs. DAL,W,241,135,54,97,0.557,14,34,0.412,13,16,0.813,11,47,58,38,6,6,14,17,49.0
22023,1610612750,MIN,Minnesota Timberwolves,0022301194,2024-04-14,MIN vs. PHX,L,241,106,36,70,0.514,9,26,0.346,25,31,0.806,12,24,36,22,7,5,24,20,-19.0
22023,1610612743,DEN,Denver Nuggets,0022301193,2024-04-14,DEN @ MEM,W,239,126,46,89,0.517,12,36,0.333,22,26,0.846,16,38,54,32,9,5,17,17,15.0
22023,1610612766,CHA,Charlotte Hornets,0022301187,2024-04-14,CHA @ CLE,W,241,120,46,91,0.505,19,40,0.475,9,11,0.818,10,37,47,36,10,9,9,11,10.0
22023,1610612756,PHX,Phoenix Suns,0022301194,2024-04-14,PHX @ MIN,W,244,125,47,86,0.547,16,29,0.552,15,18,0.833,13,19,32,28,13,3,12,24,19.0
22023,1610612747,LAL,Los Angeles Lakers,0022301195,2024-04-14,LAL @ NOP,W,241,124,48,87,0.552,11,29,0.379,17,18,0.944,7,32,39,32,12,3,14,13,16.0
22023,1610612744,GSW,Golden State Warriors,0022301198,2024-04-14,GSW vs. UTA,W,239,123,45,94,0.479,14,43,0.326,19,23,0.826,12,30,42,35,10,6,9,14,7.0
22023,1610612752,NYK,New York Knicks,0022301190,2024-04-14,NYK vs. CHI,W,265,120,46,91,0.505,12,32,0.375,16,21,0.762,16,37,53,27,7,6,21,17,1.0
22023,1610612738,BOS,Boston Celtics,0022301186,2024-04-14,BOS vs. WAS,W,240,132,51,89,0.573,16,32,0.5,14,21,0.667,10,38,48,29,10,15,14,13,10.0
22023,1610612761,TOR,Toronto Raptors,0022301189,2024-04-14,TOR @ MIA,L,240,103,38,90,0.422,9,34,0.265,18,21,0.857,13,28,41,23,6,3,19,21,-15.0
22023,1610612757,POR,Portland Trail Blazers,0022301200,2024-04-14,POR @ SAC,L,240,82,31,98,0.316,7,45,0.156,13,17,0.765,23,31,54,18,11,2,17,19,-39.0
22023,1610612740,NOP,New Orleans Pelicans,0022301195,2024-04-14,NOP vs. LAL,L,240,108,41,86,0.477,15,37,0.405,11,14,0.786,10,29,39,26,8,1,19,17,-16.0
22023,1610612745,HOU,Houston Rockets,0022301199,2024-04-14,HOU @ LAC,W,240,116,50,103,0.485,11,38,0.289,5,14,0.357,17,42,59,31,7,8,18,13,11.0
22023,1610612755,PHI,Philadelphia 76ers,0022301171,2024-04-12,PHI vs. ORL,W,239,125,42,88,0.477,18,37,0.486,23,28,0.821,8,36,44,22,6,6,11,20,12.0
22023,1610612751,BKN,Brooklyn Nets,0022301175,2024-04-12,BKN @ NYK,L,241,107,41,82,0.5,11,32,0.344,14,19,0.737,16,29,45,22,3,4,12,19,-4.0
22023,1610612740,NOP,New Orleans Pelicans,0022301182,2024-04-12,NOP @ GSW,W,239,114,42,90,0.467,20,38,0.526,10,16,0.625,5,33,38,24,11,5,8,13,5.0
22023,1610612744,GSW,Golden State Warriors,0022301182,2024-04-12,GSW vs. NOP,L,240,109,40,86,0.465,13,34,0.382,16,21,0.762,11,42,53,27,6,5,16,15,-5.0
22023,1610612746,LAC,LA Clippers,0022301184,2024-04-12,LAC vs. UTA,L,241,109,43,96,0.448,10,39,0.256,13,19,0.684,20,24,44,23,9,7,13,17,-1.0
22023,1610612756,PHX,Phoenix Suns,0022301185,2024-04-12,PHX @ SAC,W,240,108,40,76,0.526,12,32,0.375,16,17,0.941,6,35,41,25,4,4,18,16,1.0
22023,1610612762,UTA,Utah Jazz,0022301184,2024-04-12,UTA @ LAC,W,241,110,41,88,0.466,6,35,0.171,22,25,0.88,14,32,46,26,7,4,16,14,1.0
22023,1610612747,LAL,Los Angeles Lakers,0022301177,2024-04-12,LAL @ MEM,W,241,123,42,81,0.519,13,37,0.351,26,34,0.765,10,29,39,25,5,6,19,17,3.0
22023,1610612759,SAS,San Antonio Spurs,0022301180,2024-04-12,SAS vs. DEN,W,240,121,45,85,0.529,15,33,0.455,16,23,0.696,11,38,49,31,2,4,18,13,1.0
22023,1610612737,ATL,Atlanta Hawks,0022301178,2024-04-12,ATL @ MIN,L,240,106,40,90,0.444,9,30,0.3,17,25,0.68,9,31,40,23,4,1,14,25,-3.0
22023,1610612739,CLE,Cleveland Cavaliers,0022301174,2024-04-12,CLE vs. IND,W,241,129,50,95,0.526,13,32,0.406,16,23,0.696,11,30,41,28,9,2,9,14,9.0
22023,1610612753,ORL,Orlando Magic,0022301171,2024-04-12,ORL @ PHI,L,239,113,43,95,0.453,8,27,0.296,19,25,0.76,10,35,45,25,7,7,11,21,-12.0
22023,1610612738,BOS,Boston Celtics,0022301173,2024-04-12,BOS vs. CHA,W,240,131,54,104,0.519,14,41,0.341,9,13,0.692,16,37,53,34,12,1,6,20,33.0
22023,1610612760,OKC,Oklahoma City Thunder,0022301179,2024-04-12,OKC vs. MIL,W,240,125,47,89,0.528,13,38,0.342,18,20,0.9,8,30,38,29,13,5,10,12,18.0
22023,1610612750,MIN,Minnesota Timberwolves,0022301178,2024-04-12,MIN vs. ATL,W,242,109,38,79,0.481,10,37,0.27,23,29,0.793,7,37,44,29,8,11,14,22,3.0
22023,1610612752,NYK,New York Knicks,0022301175,2024-04-12,NYK vs. BKN,W,241,111,38,83,0.458,14,30,0.467,21,25,0.84,8,23,31,21,10,3,5,15,4.0
22023,1610612743,DEN,Denver Nuggets,0022301180,2024-04-12,DEN @ SAS,L,240,120,49,97,0.505,13,36,0.361,9,10,0.9,6,27,33,31,9,4,7,19,-1.0
22023,1610612761,TOR,Toronto Raptors,0022301176,2024-04-12,TOR @ MIA,L,241,103,37,77,0.481,10,31,0.323,19,22,0.864,7,34,41,23,1,1,17,21,-22.0
22023,1610612765,DET,Detroit Pistons,0022301181,2024-04-12,DET @ DAL,W,242,107,46,95,0.484,8,31,0.258,7,9,0.778,6,34,40,23,11,7,6,10,18.0
22023,1610612745,HOU,Houston Rockets,0022301183,2024-04-12,HOU @ POR,W,240,116,44,92,0.478,11,39,0.282,17,20,0.85,10,38,48,25,3,5,8,20,9.0
22023,1610612748,MIA,Miami Heat,0022301176,2024-04-12,MIA vs. TOR,W,239,125,45,86,0.523,17,41,0.415,18,23,0.783,6,31,37,37,7,2,4,16,22.0
22023,1610612741,CHI,Chicago Bulls,0022301172,2024-04-12,CHI @ WAS,W,241,129,48,98,0.49,14,35,0.4,19,28,0.679,17,39,56,28,9,6,13,25,2.0
22023,1610612742,DAL,Dallas Mavericks,0022301181,2024-04-12,DAL vs. DET,L,242,89,36,83,0.434,8,29,0.276,9,12,0.75,9,40,49,20,5,5,20,9,-18.0
22023,1610612754,IND,Indiana Pacers,0022301174,2024-04-12,IND @ CLE,L,239,120,46,89,0.517,9,32,0.281,19,22,0.864,7,32,39,37,7,2,13,17,-9.0
22023,1610612763,MEM,Memphis Grizzlies,0022301177,2024-04-12,MEM vs. LAL,L,239,120,43,95,0.453,17,39,0.436,17,21,0.81,16,26,42,19,14,2,13,27,-3.0
22023,1610612758,SAC,Sacramento Kings,0022301185,2024-04-12,SAC vs. PHX,L,240,107,40,91,0.44,14,38,0.368,13,14,0.929,9,26,35,26,12,1,7,19,-1.0
22023,1610612749,MIL,Milwaukee Bucks,0022301179,2024-04-12,MIL @ OKC,L,240,107,42,85,0.494,11,30,0.367,12,13,0.923,8,34,42,27,7,3,17,15,-18.0
22023,1610612757,POR,Portland Trail Blazers,0022301183,2024-04-12,POR vs. HOU,L,240,107,37,95,0.389,12,35,0.343,21,29,0.724,16,32,48,20,4,5,7,14,-9.0
22023,1610612764,WAS,Washington Wizards,0022301172,2024-04-12,WAS vs. CHI,L,241,127,45,86,0.523,18,43,0.419,19,29,0.655,4,35,39,32,6,5,12,22,-2.0
22023,1610612766,CHA,Charlotte Hornets,0022301173,2024-04-12,CHA @ BOS,L,240,98,32,76,0.421,15,35,0.429,19,22,0.864,4,29,33,20,3,7,19,15,-33.0
22023,1610612758,SAC,Sacramento Kings,0022301170,2024-04-11,SAC vs. NOP,L,240,123,46,84,0.548,16,38,0.421,15,20,0.75,5,27,32,26,7,0,14,17,-12.0
22023,1610612752,NYK,New York Knicks,0022301167,2024-04-11,NYK @ BOS,W,240,118,49,99,0.495,14,36,0.389,6,10,0.6,17,35,52,24,7,4,12,12,9.0
22023,1610612738,BOS,Boston Celtics,0022301167,2024-04-11,BOS vs. NYK,L,242,109,40,86,0.465,16,42,0.381,13,16,0.813,10,26,36,25,7,12,12,16,-9.0
22023,1610612762,UTA,Utah Jazz,0022301168,2024-04-11,UTA vs. HOU,W,240,124,44,87,0.506,14,39,0.359,22,27,0.815,15,34,49,27,8,7,14,20,3.0
22023,1610612741,CHI,Chicago Bulls,0022301166,2024-04-11,CHI @ DET,W,239,127,51,96,0.531,14,36,0.389,11,15,0.733,11,31,42,28,14,5,8,15,22.0
22023,1610612765,DET,Detroit Pistons,0022301166,2024-04-11,DET vs. CHI,L,241,105,38,77,0.494,14,35,0.4,15,23,0.652,7,31,38,27,4,2,20,12,-22.0
22023,1610612745,HOU,Houston Rockets,0022301168,2024-04-11,HOU @ UTA,L,239,121,40,95,0.421,21,47,0.447,20,22,0.909,16,23,39,22,8,6,10,18,-3.0
22023,1610612740,NOP,New Orleans Pelicans,0022301170,2024-04-11,NOP @ SAC,W,240,135,49,86,0.57,22,40,0.55,15,18,0.833,5,35,40,35,7,2,13,16,12.0
22023,1610612744,GSW,Golden State Warriors,0022301169,2024-04-11,GSW @ POR,W,240,100,36,77,0.468,12,35,0.343,16,20,0.8,10,36,46,24,8,13,16,18,8.0
22023,1610612757,POR,Portland Trail Blazers,0022301169,2024-04-11,POR vs. GSW,L,241,92,35,97,0.361,8,34,0.235,14,17,0.824,20,29,49,22,9,3,12,18,-8.0
22023,1610612761,TOR,Toronto Raptors,0022301160,2024-04-10,TOR @ BKN,L,241,102,35,94,0.372,16,40,0.4,16,18,0.889,15,30,45,19,8,5,9,22,-4.0
22023,1610612760,OKC,Oklahoma City Thunder,0022301163,2024-04-10,OKC vs. SAS,W,241,127,47,101,0.465,16,38,0.421,17,21,0.81,7,55,62,33,12,6,12,16,38.0
22023,1610612766,CHA,Charlotte Hornets,0022301159,2024-04-10,CHA @ ATL,W,241,115,40,79,0.506,14,36,0.389,21,22,0.955,5,28,33,25,11,2,13,18,1.0
22023,1610612742,DAL,Dallas Mavericks,0022301161,2024-04-10,DAL @ MIA,W,241,111,43,87,0.494,15,44,0.341,10,13,0.769,8,31,39,27,8,8,7,13,19.0
22023,1610612743,DEN,Denver Nuggets,0022301164,2024-04-10,DEN vs. MIN,W,239,116,46,83,0.554,11,25,0.44,13,23,0.565,11,33,44,31,7,8,13,21,9.0
22023,1610612751,BKN,Brooklyn Nets,0022301160,2024-04-10,BKN vs. TOR,W,242,106,38,86,0.442,11,36,0.306,19,24,0.792,14,42,56,25,4,15,13,16,4.0
22023,1610612753,ORL,Orlando Magic,0022301162,2024-04-10,ORL @ MIL,L,239,99,36,78,0.462,11,30,0.367,16,23,0.696,5,29,34,19,6,1,15,15,-18.0
22023,1610612763,MEM,Memphis Grizzlies,0022301158,2024-04-10,MEM @ CLE,L,240,98,33,84,0.393,14,32,0.438,18,19,0.947,10,34,44,21,10,10,13,21,-12.0
22023,1610612737,ATL,Atlanta Hawks,0022301159,2024-04-10,ATL vs. CHA,L,240,114,43,82,0.524,18,40,0.45,10,16,0.625,7,31,38,35,7,2,16,20,-1.0
22023,1610612748,MIA,Miami Heat,0022301161,2024-04-10,MIA vs. DAL,L,239,92,33,81,0.407,13,30,0.433,13,13,1.0,12,34,46,22,3,1,15,16,-19.0
22023,1610612759,SAS,San Antonio Spurs,0022301163,2024-04-10,SAS @ OKC,L,241,89,32,96,0.333,9,40,0.225,16,20,0.8,4,43,47,24,8,4,15,14,-38.0
22023,1610612749,MIL,Milwaukee Bucks,0022301162,2024-04-10,MIL vs. ORL,W,241,117,43,84,0.512,15,40,0.375,16,20,0.8,10,33,43,27,9,4,12,20,18.0
22023,1610612756,PHX,Phoenix Suns,0022301165,2024-04-10,PHX @ LAC,W,238,124,46,95,0.484,18,50,0.36,14,15,0.933,9,39,48,29,8,6,13,13,16.0
22023,1610612750,MIN,Minnesota Timberwolves,0022301164,2024-04-10,MIN @ DEN,L,241,107,41,82,0.5,13,30,0.433,12,21,0.571,9,26,35,23,9,5,9,21,-9.0
22023,1610612746,LAC,LA Clippers,0022301165,2024-04-10,LAC vs. PHX,L,240,108,44,95,0.463,12,36,0.333,8,10,0.8,9,35,44,23,9,3,12,13,-16.0
22023,1610612739,CLE,Cleveland Cavaliers,0022301158,2024-04-10,CLE vs. MEM,W,243,110,37,82,0.451,15,37,0.405,21,29,0.724,12,35,47,27,11,10,13,15,12.0
22023,1610612761,TOR,Toronto Raptors,0022301146,2024-04-09,TOR vs. IND,L,240,123,47,94,0.5,5,21,0.238,24,33,0.727,16,24,40,21,8,6,15,20,-17.0
22023,1610612742,DAL,Dallas Mavericks,0022301144,2024-04-09,DAL @ CHA,W,240,130,50,93,0.538,17,50,0.34,13,20,0.65,16,39,55,35,6,7,14,19,26.0
22023,1610612743,DEN,Denver Nuggets,0022301154,2024-04-09,DEN @ UTA,W,239,111,46,94,0.489,14,37,0.378,5,11,0.455,13,30,43,30,12,12,9,10,16.0
22023,1610612745,HOU,Houston Rockets,0022301150,2024-04-09,HOU vs. ORL,W,241,118,45,86,0.523,15,35,0.429,13,18,0.722,6,31,37,29,8,7,12,21,12.0
22023,1610612737,ATL,Atlanta Hawks,0022301147,2024-04-09,ATL vs. MIA,L,292,111,45,113,0.398,10,46,0.217,11,14,0.786,17,42,59,28,13,2,15,23,-6.0
22023,1610612752,NYK,New York Knicks,0022301149,2024-04-09,NYK @ CHI,W,240,128,46,83,0.554,17,36,0.472,19,20,0.95,6,25,31,31,6,4,10,15,11.0
22023,1610612759,SAS,San Antonio Spurs,0022301151,2024-04-09,SAS @ MEM,W,240,102,42,87,0.483,10,40,0.25,8,8,1.0,10,41,51,30,5,11,16,12,15.0
22023,1610612762,UTA,Utah Jazz,0022301154,2024-04-09,UTA vs. DEN,L,240,95,36,91,0.396,10,31,0.323,13,13,1.0,11,33,44,19,5,2,14,9,-16.0
22023,1610612750,MIN,Minnesota Timberwolves,0022301152,2024-04-09,MIN vs. WAS,W,239,130,43,90,0.478,18,41,0.439,26,32,0.813,10,34,44,30,9,8,8,14,9.0
22023,1610612765,DET,Detroit Pistons,0022301145,2024-04-09,DET @ PHI,L,240,102,34,84,0.405,14,30,0.467,20,24,0.833,9,35,44,20,3,5,16,17,-18.0
22023,1610612744,GSW,Golden State Warriors,0022301155,2024-04-09,GSW @ LAL,W,241,134,47,80,0.588,26,41,0.634,14,21,0.667,4,38,42,37,3,12,15,17,14.0
22023,1610612764,WAS,Washington Wizards,0022301152,2024-04-09,WAS @ MIN,L,240,121,44,89,0.494,20,43,0.465,13,17,0.765,7,34,41,26,5,4,13,22,-9.0
22023,1610612755,PHI,Philadelphia 76ers,0022301145,2024-04-09,PHI vs. DET,W,239,120,44,98,0.449,13,37,0.351,19,23,0.826,16,35,51,29,11,8,7,18,18.0
22023,1610612757,POR,Portland Trail Blazers,0022301157,2024-04-09,POR vs. NOP,L,240,100,40,85,0.471,13,38,0.342,7,8,0.875,13,34,47,28,3,3,21,19,-10.0
22023,1610612747,LAL,Los Angeles Lakers,0022301155,2024-04-09,LAL vs. GSW,L,241,120,44,96,0.458,12,35,0.343,20,24,0.833,10,30,40,31,8,3,7,14,-14.0
22023,1610612738,BOS,Boston Celtics,0022301148,2024-04-09,BOS @ MIL,L,241,91,37,93,0.398,17,52,0.327,0,0,,12,26,38,27,11,4,12,8,-13.0
22023,1610612748,MIA,Miami Heat,0022301147,2024-04-09,MIA @ ATL,W,291,117,42,88,0.477,18,45,0.4,15,21,0.714,5,41,46,29,8,3,18,16,6.0
22023,1610612740,NOP,New Orleans Pelicans,0022301157,2024-04-09,NOP @ POR,W,240,110,36,87,0.414,11,36,0.306,27,29,0.931,13,32,45,25,13,2,9,9,10.0
22023,1610612746,LAC,LA Clippers,0022301156,2024-04-09,LAC @ PHX,W,240,105,41,87,0.471,12,26,0.462,11,11,1.0,10,53,63,28,5,3,18,22,13.0
22023,1610612766,CHA,Charlotte Hornets,0022301144,2024-04-09,CHA vs. DAL,L,240,104,39,89,0.438,10,32,0.313,16,21,0.762,8,31,39,24,8,3,11,16,-26.0
22023,1610612754,IND,Indiana Pacers,0022301146,2024-04-09,IND @ TOR,W,240,140,54,99,0.545,16,45,0.356,16,23,0.696,15,29,44,33,9,8,13,23,17.0
22023,1610612758,SAC,Sacramento Kings,0022301153,2024-04-09,SAC @ OKC,L,241,105,33,96,0.344,20,58,0.345,19,26,0.731,21,35,56,23,8,4,17,22,-7.0
22023,1610612741,CHI,Chicago Bulls,0022301149,2024-04-09,CHI vs. NYK,L,241,117,47,88,0.534,10,28,0.357,13,19,0.684,12,27,39,20,4,5,9,18,-11.0
22023,1610612760,OKC,Oklahoma City Thunder,0022301153,2024-04-09,OKC vs. SAC,W,239,112,39,80,0.488,11,30,0.367,23,31,0.742,6,36,42,21,11,8,13,18,7.0
22023,1610612763,MEM,Memphis Grizzlies,0022301151,2024-04-09,MEM vs. SAS,L,241,87,36,104,0.346,6,30,0.2,9,11,0.818,17,32,49,21,10,5,7,13,-15.0
22023,1610612749,MIL,Milwaukee Bucks,0022301148,2024-04-09,MIL vs. BOS,W,239,104,43,81,0.531,17,36,0.472,1,2,0.5,10,39,49,29,6,5,16,4,13.0
22023,1610612756,PHX,Phoenix Suns,0022301156,2024-04-09,PHX vs. LAC,L,239,92,30,89,0.337,8,35,0.229,24,28,0.857,8,30,38,17,16,7,8,13,-13.0
22023,1610612753,ORL,Orlando Magic,0022301150,2024-04-09,ORL @ HOU,L,243,106,39,86,0.453,7,24,0.292,21,23,0.913,10,32,42,23,9,6,14,15,-12.0
22023,1610612744,GSW,Golden State Warriors,0022301142,2024-04-07,GSW vs. UTA,W,241,118,49,92,0.533,14,35,0.4,6,6,1.0,11,36,47,32,9,8,13,19,8.0
22023,1610612738,BOS,Boston Celtics,0022301134,2024-04-07,BOS vs. POR,W,241,124,49,87,0.563,16,38,0.421,10,13,0.769,5,35,40,34,11,8,12,12,17.0
22023,1610612745,HOU,Houston Rockets,0022301131,2024-04-07,HOU @ DAL,L,264,136,46,93,0.495,17,41,0.415,27,35,0.771,4,28,32,31,11,6,10,34,-11.0
22023,1610612757,POR,Portland Trail Blazers,0022301134,2024-04-07,POR @ BOS,L,240,107,40,102,0.392,14,38,0.368,13,13,1.0,22,31,53,26,8,2,14,12,-17.0
22023,1610612753,ORL,Orlando Magic,0022301136,2024-04-07,ORL vs. CHI,W,237,113,42,90,0.467,11,34,0.324,18,19,0.947,10,30,40,24,12,4,10,17,15.0
22023,1610612748,MIA,Miami Heat,0022301133,2024-04-07,MIA @ IND,L,240,115,39,84,0.464,8,27,0.296,29,32,0.906,8,31,39,21,3,2,7,22,-2.0
22023,1610612756,PHX,Phoenix Suns,0022301138,2024-04-07,PHX vs. NOP,L,240,105,39,87,0.448,14,39,0.359,13,14,0.929,9,29,38,30,7,8,15,17,-8.0
22023,1610612759,SAS,San Antonio Spurs,0022301140,2024-04-07,SAS vs. PHI,L,292,126,44,98,0.449,16,44,0.364,22,26,0.846,14,45,59,31,5,11,25,17,-7.0
22023,1610612762,UTA,Utah Jazz,0022301142,2024-04-07,UTA @ GSW,L,238,110,39,83,0.47,15,35,0.429,17,21,0.81,6,23,29,21,4,6,11,9,-8.0
22023,1610612766,CHA,Charlotte Hornets,0022301135,2024-04-07,CHA vs. OKC,L,241,118,45,83,0.542,17,40,0.425,11,14,0.786,7,29,36,29,12,9,18,14,-3.0
22023,1610612760,OKC,Oklahoma City Thunder,0022301135,2024-04-07,OKC @ CHA,W,240,121,45,87,0.517,18,36,0.5,13,17,0.765,10,26,36,33,14,4,16,17,3.0
22023,1610612746,LAC,LA Clippers,0022301132,2024-04-07,LAC vs. CLE,W,238,120,41,84,0.488,14,35,0.4,24,24,1.0,11,37,48,26,5,2,15,22,2.0
22023,1610612740,NOP,New Orleans Pelicans,0022301138,2024-04-07,NOP @ PHX,W,241,113,40,85,0.471,16,39,0.41,17,19,0.895,8,34,42,26,8,7,12,17,8.0
22023,1610612758,SAC,Sacramento Kings,0022301141,2024-04-07,SAC @ BKN,W,241,107,40,94,0.426,15,48,0.313,12,16,0.75,11,43,54,31,8,12,9,17,30.0
22023,1610612739,CLE,Cleveland Cavaliers,0022301132,2024-04-07,CLE @ LAC,L,240,118,42,88,0.477,11,30,0.367,23,27,0.852,7,29,36,27,10,2,11,16,-2.0
22023,1610612751,BKN,Brooklyn Nets,0022301141,2024-04-07,BKN vs. SAC,L,239,77,30,86,0.349,7,30,0.233,10,13,0.769,7,39,46,17,5,5,16,14,-30.0
22023,1610612754,IND,Indiana Pacers,0022301133,2024-04-07,IND vs. MIA,W,241,117,44,86,0.512,9,32,0.281,20,21,0.952,4,33,37,27,4,6,6,24,2.0
22023,1610612749,MIL,Milwaukee Bucks,0022301139,2024-04-07,MIL vs. NYK,L,239,109,35,75,0.467,12,34,0.353,27,32,0.844,9,29,38,27,3,7,14,16,-13.0
22023,1610612742,DAL,Dallas Mavericks,0022301131,2024-04-07,DAL vs. HOU,W,264,147,46,85,0.541,15,39,0.385,40,45,0.889,6,41,47,21,4,6,17,26,11.0
22023,1610612764,WAS,Washington Wizards,0022301137,2024-04-07,WAS @ TOR,L,239,122,42,89,0.472,16,40,0.4,22,30,0.733,8,35,43,29,9,11,15,25,-8.0
22023,1610612761,TOR,Toronto Raptors,0022301137,2024-04-07,TOR vs. WAS,W,241,130,49,96,0.51,11,31,0.355,21,28,0.75,8,41,49,33,9,4,13,26,8.0
22023,1610612741,CHI,Chicago Bulls,0022301136,2024-04-07,CHI @ ORL,L,240,98,38,75,0.507,6,20,0.3,16,22,0.727,8,29,37,20,7,5,21,17,-15.0
22023,1610612752,NYK,New York Knicks,0022301139,2024-04-07,NYK @ MIL,W,239,122,45,92,0.489,14,29,0.483,18,22,0.818,13,28,41,25,9,6,5,22,13.0
22023,1610612747,LAL,Los Angeles Lakers,0022301143,2024-04-07,LAL vs. MIN,L,241,117,39,84,0.464,11,31,0.355,28,32,0.875,10,31,41,27,10,2,15,14,-10.0
22023,1610612755,PHI,Philadelphia 76ers,0022301140,2024-04-07,PHI @ SAS,W,290,133,52,114,0.456,12,39,0.308,17,19,0.895,8,38,46,31,15,3,10,20,7.0
22023,1610612750,MIN,Minnesota Timberwolves,0022301143,2024-04-07,MIN @ LAL,W,240,127,50,97,0.515,15,39,0.385,12,14,0.857,13,33,46,29,12,3,14,20,10.0
22023,1610612755,PHI,Philadelphia 76ers,0022301129,2024-04-06,PHI @ MEM,W,240,116,41,79,0.519,16,39,0.41,18,23,0.783,9,32,41,27,12,9,19,22,20.0
22023,1610612751,BKN,Brooklyn Nets,0022301128,2024-04-06,BKN vs. DET,W,239,113,38,73,0.521,11,27,0.407,26,33,0.788,11,37,48,20,3,7,18,11,10.0
22023,1610612747,LAL,Los Angeles Lakers,0022301127,2024-04-06,LAL vs. CLE,W,240,116,45,80,0.563,16,37,0.432,10,16,0.625,6,34,40,30,11,11,17,12,19.0
22023,1610612743,DEN,Denver Nuggets,0022301130,2024-04-06,DEN vs. ATL,W,241,142,53,88,0.602,23,41,0.561,13,16,0.813,6,41,47,38,9,7,15,21,32.0
22023,1610612765,DET,Detroit Pistons,0022301128,2024-04-06,DET @ BKN,L,241,103,42,92,0.457,17,39,0.436,2,4,0.5,5,23,28,25,9,2,7,24,-10.0
22023,1610612763,MEM,Memphis Grizzlies,0022301129,2024-04-06,MEM vs. PHI,L,238,96,36,87,0.414,9,26,0.346,15,21,0.714,15,29,44,21,9,2,18,18,-20.0
22023,1610612737,ATL,Atlanta Hawks,0022301130,2024-04-06,ATL @ DEN,L,240,110,37,87,0.425,12,37,0.324,24,29,0.828,11,27,38,30,8,2,16,18,-32.0
22023,1610612739,CLE,Cleveland Cavaliers,0022301127,2024-04-06,CLE @ LAL,L,243,97,39,90,0.433,11,35,0.314,8,12,0.667,11,29,40,24,11,3,18,11,-19.0
22023,1610612766,CHA,Charlotte Hornets,0022301115,2024-04-05,CHA vs. ORL,W,240,124,43,72,0.597,15,30,0.5,23,23,1.0,4,32,36,29,6,4,18,22,9.0
22023,1610612745,HOU,Houston Rockets,0022301120,2024-04-05,HOU vs. MIA,L,239,104,34,90,0.378,14,44,0.318,22,25,0.88,12,33,45,25,7,2,9,13,-15.0
22023,1610612750,MIN,Minnesota Timberwolves,0022301125,2024-04-05,MIN @ PHX,L,240,87,33,85,0.388,10,29,0.345,11,14,0.786,8,36,44,23,9,6,18,20,-10.0
22023,1610612758,SAC,Sacramento Kings,0022301118,2024-04-05,SAC @ BOS,L,240,100,38,99,0.384,17,51,0.333,7,13,0.538,15,39,54,21,4,3,7,15,-1.0
22023,1610612746,LAC,LA Clippers,0022301126,2024-04-05,LAC vs. UTA,W,240,131,51,91,0.56,13,35,0.371,16,18,0.889,8,43,51,32,9,4,14,22,29.0
22023,1610612748,MIA,Miami Heat,0022301120,2024-04-05,MIA @ HOU,W,239,119,44,89,0.494,13,36,0.361,18,21,0.857,8,40,48,27,8,4,9,18,15.0
22023,1610612760,OKC,Oklahoma City Thunder,0022301116,2024-04-05,OKC @ IND,L,240,112,42,86,0.488,8,30,0.267,20,24,0.833,9,30,39,24,8,6,15,17,-14.0
22023,1610612741,CHI,Chicago Bulls,0022301119,2024-04-05,CHI vs. NYK,W,239,108,44,93,0.473,7,23,0.304,13,16,0.813,19,38,57,27,11,5,16,19,8.0
22023,1610612740,NOP,New Orleans Pelicans,0022301123,2024-04-05,NOP vs. SAS,L,240,109,44,86,0.512,9,29,0.31,12,12,1.0,11,30,41,28,11,2,17,17,-2.0
22023,1610612756,PHX,Phoenix Suns,0022301125,2024-04-05,PHX vs. MIN,W,240,97,33,76,0.434,9,26,0.346,22,29,0.759,7,42,49,29,12,3,18,19,10.0
22023,1610612759,SAS,San Antonio Spurs,0022301123,2024-04-05,SAS @ NOP,W,240,111,42,83,0.506,17,46,0.37,10,13,0.769,6,28,34,34,9,8,16,13,2.0
22023,1610612753,ORL,Orlando Magic,0022301115,2024-04-05,ORL @ CHA,L,240,115,42,94,0.447,9,38,0.237,22,26,0.846,15,22,37,24,9,3,10,19,-9.0
22023,1610612738,BOS,Boston Celtics,0022301118,2024-04-05,BOS vs. SAC,W,239,101,38,89,0.427,12,44,0.273,13,18,0.722,12,39,51,25,6,4,7,11,1.0
22023,1610612764,WAS,Washington Wizards,0022301117,2024-04-05,WAS vs. POR,L,241,102,38,88,0.432,5,33,0.152,21,30,0.7,12,33,45,24,9,5,9,21,-6.0
22023,1610612749,MIL,Milwaukee Bucks,0022301122,2024-04-05,MIL vs. TOR,L,240,111,41,94,0.436,12,42,0.286,17,21,0.81,12,33,45,21,8,6,13,24,-6.0
22023,1610612763,MEM,Memphis Grizzlies,0022301121,2024-04-05,MEM vs. DET,W,240,108,42,90,0.467,10,31,0.323,14,16,0.875,15,34,49,24,13,7,20,14,18.0
22023,1610612761,TOR,Toronto Raptors,0022301122,2024-04-05,TOR @ MIL,W,240,117,36,79,0.456,14,36,0.389,31,36,0.861,9,38,47,24,9,3,16,18,6.0
22023,1610612757,POR,Portland Trail Blazers,0022301117,2024-04-05,POR @ WAS,W,239,108,41,94,0.436,9,29,0.31,17,24,0.708,16,39,55,29,7,5,12,23,6.0
22023,1610612742,DAL,Dallas Mavericks,0022301097,2024-04-05,DAL vs. GSW,W,239,108,40,84,0.476,12,34,0.353,16,21,0.762,8,33,41,30,9,9,17,17,2.0
22023,1610612754,IND,Indiana Pacers,0022301116,2024-04-05,IND vs. OKC,W,241,126,46,88,0.523,15,35,0.429,19,21,0.905,8,31,39,30,8,5,13,23,14.0
22023,1610612744,GSW,Golden State Warriors,0022301097,2024-04-05,GSW @ DAL,L,239,106,41,93,0.441,12,35,0.343,12,18,0.667,11,33,44,27,12,5,15,19,-2.0
22023,1610612765,DET,Detroit Pistons,0022301121,2024-04-05,DET @ MEM,L,239,90,32,79,0.405,8,30,0.267,18,24,0.75,10,28,38,22,13,4,17,14,-18.0
22023,1610612752,NYK,New York Knicks,0022301119,2024-04-05,NYK @ CHI,L,241,100,36,83,0.434,10,29,0.345,18,24,0.75,9,29,38,22,9,2,17,15,-8.0
22023,1610612762,UTA,Utah Jazz,0022301126,2024-04-05,UTA @ LAC,L,239,102,35,91,0.385,9,30,0.3,23,29,0.793,14,29,43,20,11,4,15,16,-29.0
22023,1610612737,ATL,Atlanta Hawks,0022301124,2024-04-04,ATL @ DAL,L,239,95,34,85,0.4,13,38,0.342,14,21,0.667,11,45,56,21,7,2,21,22,-14.0
22023,1610612746,LAC,LA Clippers,0022301114,2024-04-04,LAC vs. DEN,W,240,102,34,90,0.378,7,33,0.212,27,32,0.844,7,41,48,22,10,2,6,20,2.0
22023,1610612755,PHI,Philadelphia 76ers,0022301111,2024-04-04,PHI @ MIA,W,239,109,43,92,0.467,14,40,0.35,9,11,0.818,8,33,41,28,11,7,11,15,4.0
22023,1610612745,HOU,Houston Rockets,0022301113,2024-04-04,HOU vs. GSW,L,241,110,36,86,0.419,12,40,0.3,26,30,0.867,12,17,29,23,11,1,12,19,-23.0
22023,1610612758,SAC,Sacramento Kings,0022301112,2024-04-04,SAC @ NYK,L,241,109,42,86,0.488,18,42,0.429,7,12,0.583,9,26,35,26,6,3,16,23,-11.0
22023,1610612742,DAL,Dallas Mavericks,0022301124,2024-04-04,DAL vs. ATL,W,241,109,38,94,0.404,18,49,0.367,15,17,0.882,11,42,53,20,7,7,14,17,14.0
22023,1610612744,GSW,Golden State Warriors,0022301113,2024-04-04,GSW @ HOU,W,241,133,47,80,0.588,17,35,0.486,22,25,0.88,12,31,43,29,6,2,18,23,23.0
22023,1610612752,NYK,New York Knicks,0022301112,2024-04-04,NYK vs. SAC,W,241,120,44,80,0.55,12,28,0.429,20,29,0.69,9,30,39,34,9,2,11,20,11.0
22023,1610612748,MIA,Miami Heat,0022301111,2024-04-04,MIA vs. PHI,L,241,105,39,94,0.415,13,43,0.302,14,16,0.875,16,35,51,24,8,4,15,10,-4.0
22023,1610612743,DEN,Denver Nuggets,0022301114,2024-04-04,DEN @ LAC,L,242,100,36,83,0.434,11,35,0.314,17,25,0.68,6,45,51,27,3,4,13,19,-2.0
22023,1610612749,MIL,Milwaukee Bucks,0022301107,2024-04-03,MIL vs. MEM,L,240,101,38,95,0.4,18,44,0.409,7,12,0.583,13,31,44,26,5,10,11,14,-10.0
22023,1610612740,NOP,New Orleans Pelicans,0022301109,2024-04-03,NOP vs. ORL,L,239,108,36,76,0.474,12,29,0.414,24,28,0.857,7,28,35,21,9,1,14,26,-9.0
22023,1610612766,CHA,Charlotte Hornets,0022301102,2024-04-03,CHA vs. POR,L,239,86,32,78,0.41,5,31,0.161,17,22,0.773,2,34,36,22,10,8,9,15,-3.0
22023,1610612765,DET,Detroit Pistons,0022301104,2024-04-03,DET @ ATL,L,240,113,43,94,0.457,10,30,0.333,17,21,0.81,8,29,37,24,14,3,10,13,-8.0
22023,1610612751,BKN,Brooklyn Nets,0022301106,2024-04-03,BKN vs. IND,W,240,115,42,87,0.483,12,32,0.375,19,27,0.704,15,35,50,22,4,8,13,16,4.0
22023,1610612756,PHX,Phoenix Suns,0022301110,2024-04-03,PHX vs. CLE,W,238,122,44,87,0.506,18,33,0.545,16,17,0.941,8,35,43,32,11,2,15,17,21.0
22023,1610612761,TOR,Toronto Raptors,0022301108,2024-04-03,TOR @ MIN,L,241,85,33,90,0.367,7,30,0.233,12,14,0.857,10,38,48,19,4,6,20,15,-48.0
22023,1610612738,BOS,Boston Celtics,0022301105,2024-04-03,BOS vs. OKC,W,242,135,50,92,0.543,17,40,0.425,18,19,0.947,11,35,46,33,7,10,10,18,35.0
22023,1610612754,IND,Indiana Pacers,0022301106,2024-04-03,IND @ BKN,L,240,111,46,103,0.447,10,38,0.263,9,11,0.818,19,26,45,27,8,9,9,21,-4.0
22023,1610612760,OKC,Oklahoma City Thunder,0022301105,2024-04-03,OKC @ BOS,L,238,100,35,81,0.432,5,24,0.208,25,28,0.893,5,26,31,21,8,5,13,11,-35.0
22023,1610612739,CLE,Cleveland Cavaliers,0022301110,2024-04-03,CLE @ PHX,L,237,101,39,83,0.47,7,26,0.269,16,19,0.842,7,30,37,28,9,4,15,14,-21.0
22023,1610612747,LAL,Los Angeles Lakers,0022301103,2024-04-03,LAL @ WAS,W,239,125,46,91,0.505,8,28,0.286,25,29,0.862,11,38,49,21,10,4,16,10,5.0
22023,1610612757,POR,Portland Trail Blazers,0022301102,2024-04-03,POR @ CHA,W,241,89,37,93,0.398,7,26,0.269,8,12,0.667,14,41,55,19,4,2,15,19,3.0
22023,1610612753,ORL,Orlando Magic,0022301109,2024-04-03,ORL @ NOP,W,240,117,41,80,0.513,13,32,0.406,22,30,0.733,7,32,39,27,9,2,13,20,9.0
22023,1610612763,MEM,Memphis Grizzlies,0022301107,2024-04-03,MEM @ MIL,W,240,111,46,91,0.505,7,23,0.304,12,17,0.706,13,41,54,25,5,8,8,12,10.0
22023,1610612764,WAS,Washington Wizards,0022301103,2024-04-03,WAS vs. LAL,L,241,120,45,91,0.495,18,42,0.429,12,13,0.923,6,33,39,26,11,4,18,22,-5.0
22023,1610612737,ATL,Atlanta Hawks,0022301104,2024-04-03,ATL vs. DET,W,240,121,49,90,0.544,13,38,0.342,10,15,0.667,6,42,48,36,9,8,16,13,8.0
22023,1610612750,MIN,Minnesota Timberwolves,0022301108,2024-04-03,MIN vs. TOR,W,240,133,49,96,0.51,20,43,0.465,15,22,0.682,9,41,50,37,13,9,9,12,48.0
22023,1610612755,PHI,Philadelphia 76ers,0022301093,2024-04-02,PHI vs. OKC,W,241,109,36,78,0.462,14,30,0.467,23,25,0.92,9,33,42,27,8,4,16,20,4.0
22023,1610612762,UTA,Utah Jazz,0022301100,2024-04-02,UTA vs. CLE,L,239,113,41,85,0.482,16,37,0.432,15,18,0.833,7,26,33,26,7,3,19,22,-16.0
22023,1610612748,MIA,Miami Heat,0022301096,2024-04-02,MIA vs. NYK,W,241,109,36,74,0.486,17,38,0.447,20,21,0.952,7,32,39,24,5,4,17,17,10.0
22023,1610612746,LAC,LA Clippers,0022301101,2024-04-02,LAC @ SAC,L,241,95,31,76,0.408,11,27,0.407,22,27,0.815,9,29,38,18,6,1,15,21,-14.0
22023,1610612742,DAL,Dallas Mavericks,0022300589,2024-04-02,DAL @ GSW,L,240,100,39,89,0.438,15,40,0.375,7,11,0.636,8,34,42,27,8,7,15,14,-4.0
22023,1610612750,MIN,Minnesota Timberwolves,0022301098,2024-04-02,MIN vs. HOU,W,239,113,41,77,0.532,11,26,0.423,20,22,0.909,6,33,39,29,12,5,17,17,7.0
22023,1610612764,WAS,Washington Wizards,0022301095,2024-04-02,WAS vs. MIL,W,239,117,47,93,0.505,9,38,0.237,14,17,0.824,5,39,44,26,9,2,10,20,4.0
22023,1610612739,CLE,Cleveland Cavaliers,0022301100,2024-04-02,CLE @ UTA,W,240,129,46,85,0.541,16,39,0.41,21,24,0.875,9,32,41,38,10,6,13,14,16.0
22023,1610612749,MIL,Milwaukee Bucks,0022301095,2024-04-02,MIL @ WAS,L,240,113,45,103,0.437,11,48,0.229,12,18,0.667,18,39,57,31,8,6,12,17,-4.0
22023,1610612761,TOR,Toronto Raptors,0022301094,2024-04-02,TOR vs. LAL,L,239,111,43,89,0.483,10,32,0.313,15,21,0.714,5,35,40,25,11,6,17,19,-17.0
22023,1610612745,HOU,Houston Rockets,0022301098,2024-04-02,HOU @ MIN,L,240,106,41,92,0.446,14,48,0.292,10,14,0.714,12,25,37,23,10,0,14,23,-7.0
22023,1610612760,OKC,Oklahoma City Thunder,0022301093,2024-04-02,OKC @ PHI,L,240,105,37,87,0.425,13,39,0.333,18,22,0.818,12,31,43,30,10,9,14,18,-4.0
22023,1610612744,GSW,Golden State Warriors,0022300589,2024-04-02,GSW vs. DAL,W,242,104,41,90,0.456,15,32,0.469,7,7,1.0,11,41,52,29,9,4,17,18,4.0
22023,1610612759,SAS,San Antonio Spurs,0022301099,2024-04-02,SAS @ DEN,L,239,105,42,105,0.4,13,44,0.295,8,16,0.5,15,44,59,33,4,12,7,19,-5.0
22023,1610612747,LAL,Los Angeles Lakers,0022301094,2024-04-02,LAL @ TOR,W,241,128,52,101,0.515,18,41,0.439,6,12,0.5,13,34,47,38,6,8,14,17,17.0
22023,1610612752,NYK,New York Knicks,0022301096,2024-04-02,NYK @ MIA,L,239,99,35,76,0.461,12,34,0.353,17,21,0.81,7,23,30,25,11,2,14,17,-10.0
22023,1610612758,SAC,Sacramento Kings,0022301101,2024-04-02,SAC vs. LAC,W,241,109,39,92,0.424,12,42,0.286,19,25,0.76,20,36,56,29,10,6,10,18,14.0
22023,1610612743,DEN,Denver Nuggets,0022301099,2024-04-02,DEN vs. SAS,W,241,110,43,98,0.439,11,34,0.324,13,16,0.813,11,41,52,28,5,10,8,15,5.0
22023,1610612766,CHA,Charlotte Hornets,0022301087,2024-04-01,CHA vs. BOS,L,240,104,41,91,0.451,13,37,0.351,9,11,0.818,8,32,40,28,3,2,6,15,-14.0
22023,1610612753,ORL,Orlando Magic,0022301090,2024-04-01,ORL vs. POR,W,240,104,36,76,0.474,11,32,0.344,21,27,0.778,9,34,43,26,4,6,15,17,1.0
22023,1610612740,NOP,New Orleans Pelicans,0022301092,2024-04-01,NOP vs. PHX,L,240,111,42,89,0.472,11,27,0.407,16,24,0.667,12,25,37,29,10,1,9,17,-13.0
22023,1610612751,BKN,Brooklyn Nets,0022301089,2024-04-01,BKN @ IND,L,241,111,41,87,0.471,10,26,0.385,19,28,0.679,12,31,43,20,3,4,15,19,-22.0
22023,1610612754,IND,Indiana Pacers,0022301089,2024-04-01,IND vs. BKN,W,240,133,53,103,0.515,13,31,0.419,14,17,0.824,14,33,47,35,6,9,9,21,22.0
22023,1610612737,ATL,Atlanta Hawks,0022301091,2024-04-01,ATL @ CHI,W,240,113,41,82,0.5,19,40,0.475,12,18,0.667,8,37,45,29,4,5,14,21,12.0
22023,1610612757,POR,Portland Trail Blazers,0022301090,2024-04-01,POR @ ORL,L,239,103,40,90,0.444,11,31,0.355,12,15,0.8,11,33,44,28,9,3,9,21,-1.0
22023,1610612741,CHI,Chicago Bulls,0022301091,2024-04-01,CHI vs. ATL,L,240,101,37,94,0.394,7,28,0.25,20,24,0.833,16,35,51,17,8,2,8,17,-12.0
22023,1610612765,DET,Detroit Pistons,0022301088,2024-04-01,DET vs. MEM,L,239,108,40,79,0.506,11,28,0.393,17,22,0.773,9,32,41,22,7,9,14,16,-2.0
22023,1610612763,MEM,Memphis Grizzlies,0022301088,2024-04-01,MEM @ DET,W,239,110,40,91,0.44,11,33,0.333,19,23,0.826,15,29,44,28,11,9,12,18,2.0
22023,1610612756,PHX,Phoenix Suns,0022301092,2024-04-01,PHX @ NOP,W,239,124,43,87,0.494,18,47,0.383,20,25,0.8,16,33,49,29,7,6,12,21,13.0
22023,1610612738,BOS,Boston Celtics,0022301087,2024-04-01,BOS @ CHA,W,239,118,43,89,0.483,19,53,0.358,13,16,0.813,11,40,51,28,3,3,10,15,14.0
22023,1610612764,WAS,Washington Wizards,0022301081,2024-03-31,WAS vs. MIA,L,240,107,40,88,0.455,11,38,0.289,16,21,0.762,7,35,42,27,6,1,15,22,-12.0
22023,1610612766,CHA,Charlotte Hornets,0022301079,2024-03-31,CHA vs. LAC,L,240,118,44,88,0.5,23,52,0.442,7,11,0.636,5,26,31,32,3,2,9,25,-12.0
22023,1610612742,DAL,Dallas Mavericks,0022301083,2024-03-31,DAL @ HOU,W,239,125,48,93,0.516,24,47,0.511,5,9,0.556,10,37,47,24,7,8,13,17,18.0
22023,1610612739,CLE,Cleveland Cavaliers,0022301077,2024-03-31,CLE @ DEN,L,241,101,38,82,0.463,8,25,0.32,17,21,0.81,6,22,28,26,10,4,15,12,-29.0
22023,1610612748,MIA,Miami Heat,0022301081,2024-03-31,MIA @ WAS,W,240,119,40,81,0.494,14,36,0.389,25,29,0.862,6,36,42,22,11,8,13,19,12.0
22023,1610612761,TOR,Toronto Raptors,0022301080,2024-03-31,TOR vs. PHI,L,240,120,47,90,0.522,11,30,0.367,15,20,0.75,7,23,30,31,10,2,12,14,-15.0
22023,1610612746,LAC,LA Clippers,0022301079,2024-03-31,LAC @ CHA,W,240,130,43,75,0.573,14,29,0.483,30,34,0.882,7,34,41,28,4,5,8,16,12.0
22023,1610612760,OKC,Oklahoma City Thunder,0022301082,2024-03-31,OKC @ NYK,W,241,113,44,82,0.537,13,34,0.382,12,24,0.5,9,34,43,29,6,8,12,23,1.0
22023,1610612759,SAS,San Antonio Spurs,0022301085,2024-03-31,SAS vs. GSW,L,239,113,40,89,0.449,17,43,0.395,16,18,0.889,16,29,45,31,7,5,19,12,-4.0
22023,1610612755,PHI,Philadelphia 76ers,0022301080,2024-03-31,PHI @ TOR,W,240,135,49,83,0.59,24,43,0.558,13,16,0.813,9,30,39,28,6,10,15,17,15.0
22023,1610612751,BKN,Brooklyn Nets,0022301078,2024-03-31,BKN vs. LAL,L,240,104,39,92,0.424,12,36,0.333,14,19,0.737,9,29,38,19,12,3,12,17,-12.0
22023,1610612762,UTA,Utah Jazz,0022301086,2024-03-31,UTA @ SAC,L,240,106,34,83,0.41,16,41,0.39,22,28,0.786,11,22,33,22,6,4,12,18,-21.0
22023,1610612741,CHI,Chicago Bulls,0022301084,2024-03-31,CHI @ MIN,W,241,109,42,80,0.525,17,29,0.586,8,12,0.667,8,35,43,30,11,3,16,18,8.0
22023,1610612747,LAL,Los Angeles Lakers,0022301078,2024-03-31,LAL @ BKN,W,240,116,42,77,0.545,15,40,0.375,17,22,0.773,6,44,50,24,8,6,19,15,12.0
22023,1610612758,SAC,Sacramento Kings,0022301086,2024-03-31,SAC vs. UTA,W,239,127,45,84,0.536,20,40,0.5,17,23,0.739,13,31,44,34,8,6,15,23,21.0
22023,1610612750,MIN,Minnesota Timberwolves,0022301084,2024-03-31,MIN vs. CHI,L,240,101,38,81,0.469,11,37,0.297,14,21,0.667,8,29,37,28,12,5,13,10,-8.0
22023,1610612752,NYK,New York Knicks,0022301082,2024-03-31,NYK vs. OKC,L,240,112,38,92,0.413,13,43,0.302,23,34,0.676,15,31,46,24,8,3,10,19,-1.0
22023,1610612743,DEN,Denver Nuggets,0022301077,2024-03-31,DEN vs. CLE,W,243,130,50,87,0.575,21,33,0.636,9,13,0.692,11,40,51,36,7,4,16,19,29.0
22023,1610612744,GSW,Golden State Warriors,0022301085,2024-03-31,GSW @ SAS,W,241,117,45,92,0.489,16,39,0.41,11,13,0.846,12,29,41,34,15,3,15,14,4.0
22023,1610612745,HOU,Houston Rockets,0022301083,2024-03-31,HOU vs. DAL,L,240,107,39,92,0.424,13,38,0.342,16,19,0.842,12,31,43,22,9,3,10,14,-18.0
22023,1610612737,ATL,Atlanta Hawks,0022301076,2024-03-30,ATL vs. MIL,L,239,113,42,92,0.457,14,35,0.4,15,18,0.833,9,30,39,24,5,3,11,26,-9.0
22023,1610612763,MEM,Memphis Grizzlies,0022301075,2024-03-30,MEM @ ORL,L,241,88,31,86,0.36,12,36,0.333,14,17,0.824,13,32,45,25,11,7,19,19,-30.0
22023,1610612738,BOS,Boston Celtics,0022301074,2024-03-30,BOS @ NOP,W,240,104,39,82,0.476,15,37,0.405,11,12,0.917,8,43,51,27,7,7,12,13,12.0
22023,1610612753,ORL,Orlando Magic,0022301075,2024-03-30,ORL vs. MEM,W,239,118,38,78,0.487,22,44,0.5,20,23,0.87,5,38,43,28,8,8,15,16,30.0
22023,1610612740,NOP,New Orleans Pelicans,0022301074,2024-03-30,NOP vs. BOS,L,240,92,34,86,0.395,13,35,0.371,11,18,0.611,10,31,41,22,9,3,9,12,-12.0
22023,1610612749,MIL,Milwaukee Bucks,0022301076,2024-03-30,MIL @ ATL,W,239,122,43,78,0.551,8,28,0.286,28,35,0.8,6,34,40,27,7,5,10,18,9.0
22023,1610612766,CHA,Charlotte Hornets,0022301062,2024-03-29,CHA vs. GSW,L,240,97,34,84,0.405,12,46,0.261,17,24,0.708,12,29,41,23,4,2,11,10,-18.0
22023,1610612747,LAL,Los Angeles Lakers,0022301063,2024-03-29,LAL @ IND,L,241,90,35,86,0.407,5,30,0.167,15,18,0.833,10,38,48,24,3,3,16,14,-19.0
22023,1610612760,OKC,Oklahoma City Thunder,0022301069,2024-03-29,OKC vs. PHX,W,240,128,49,87,0.563,16,30,0.533,14,14,1.0,7,31,38,33,7,7,10,13,25.0
22023,1610612743,DEN,Denver Nuggets,0022301071,2024-03-29,DEN vs. MIN,L,242,98,35,88,0.398,8,28,0.286,20,27,0.741,13,33,46,29,6,1,12,24,-13.0
22023,1610612742,DAL,Dallas Mavericks,0022301073,2024-03-29,DAL @ SAC,W,240,107,35,74,0.473,15,35,0.429,22,33,0.667,6,36,42,24,4,6,10,12,4.0
22023,1610612751,BKN,Brooklyn Nets,0022301066,2024-03-29,BKN vs. CHI,W,240,125,43,91,0.473,25,44,0.568,14,22,0.636,12,31,43,26,9,3,6,22,17.0
22023,1610612744,GSW,Golden State Warriors,0022301062,2024-03-29,GSW @ CHA,W,240,115,48,89,0.539,11,32,0.344,8,9,0.889,11,39,50,35,7,5,12,19,18.0
22023,1610612753,ORL,Orlando Magic,0022301064,2024-03-29,ORL vs. LAC,L,241,97,38,86,0.442,10,29,0.345,11,15,0.733,13,25,38,20,10,8,14,11,-3.0
22023,1610612758,SAC,Sacramento Kings,0022301073,2024-03-29,SAC vs. DAL,L,239,103,40,92,0.435,15,32,0.469,8,12,0.667,10,35,45,24,9,1,10,22,-4.0
22023,1610612755,PHI,Philadelphia 76ers,0022301067,2024-03-29,PHI @ CLE,L,242,114,42,94,0.447,16,40,0.4,14,17,0.824,16,26,42,28,6,7,9,20,-3.0
22023,1610612757,POR,Portland Trail Blazers,0022301068,2024-03-29,POR @ MIA,L,240,82,35,87,0.402,5,30,0.167,7,11,0.636,10,33,43,20,4,2,23,19,-60.0
22023,1610612752,NYK,New York Knicks,0022301070,2024-03-29,NYK @ SAS,L,265,126,51,110,0.464,14,37,0.378,10,12,0.833,18,32,50,24,10,1,11,24,-4.0
22023,1610612750,MIN,Minnesota Timberwolves,0022301071,2024-03-29,MIN @ DEN,W,242,111,38,74,0.514,9,28,0.321,26,37,0.703,6,33,39,28,6,7,7,20,13.0
22023,1610612756,PHX,Phoenix Suns,0022301069,2024-03-29,PHX @ OKC,L,242,103,39,87,0.448,13,41,0.317,12,15,0.8,13,26,39,26,6,6,14,15,-25.0
22023,1610612739,CLE,Cleveland Cavaliers,0022301067,2024-03-29,CLE vs. PHI,W,241,117,45,82,0.549,16,37,0.432,11,13,0.846,5,32,37,34,4,3,13,17,3.0
22023,1610612748,MIA,Miami Heat,0022301068,2024-03-29,MIA vs. POR,W,240,142,54,92,0.587,21,39,0.538,13,18,0.722,6,38,44,41,17,4,8,13,60.0
22023,1610612754,IND,Indiana Pacers,0022301063,2024-03-29,IND vs. LAL,W,239,109,43,89,0.483,10,31,0.323,13,14,0.929,6,40,46,27,8,6,8,14,19.0
22023,1610612759,SAS,San Antonio Spurs,0022301070,2024-03-29,SAS vs. NYK,W,265,130,44,82,0.537,16,40,0.4,26,32,0.813,8,38,46,34,3,2,15,16,4.0
22023,1610612746,LAC,LA Clippers,0022301064,2024-03-29,LAC @ ORL,W,241,100,41,85,0.482,8,24,0.333,10,12,0.833,12,29,41,19,11,4,16,17,3.0
22023,1610612741,CHI,Chicago Bulls,0022301066,2024-03-29,CHI @ BKN,L,240,108,38,75,0.507,9,30,0.3,23,29,0.793,5,39,44,24,3,6,12,18,-17.0
22023,1610612762,UTA,Utah Jazz,0022301072,2024-03-29,UTA vs. HOU,L,240,100,37,80,0.463,8,31,0.258,18,19,0.947,11,40,51,23,4,9,20,23,-1.0
22023,1610612765,DET,Detroit Pistons,0022301065,2024-03-29,DET @ WAS,W,240,96,37,89,0.416,6,24,0.25,16,20,0.8,8,39,47,19,9,5,13,18,9.0
22023,1610612745,HOU,Houston Rockets,0022301072,2024-03-29,HOU @ UTA,W,239,101,35,91,0.385,13,42,0.31,18,28,0.643,15,30,45,19,10,6,10,18,1.0
22023,1610612764,WAS,Washington Wizards,0022301065,2024-03-29,WAS vs. DET,L,240,87,36,88,0.409,9,33,0.273,6,8,0.75,9,38,47,22,2,4,18,18,-9.0
22023,1610612738,BOS,Boston Celtics,0022301060,2024-03-28,BOS @ ATL,L,267,122,45,94,0.479,14,36,0.389,18,21,0.857,9,34,43,28,7,6,12,15,-1.0
22023,1610612737,ATL,Atlanta Hawks,0022301060,2024-03-28,ATL vs. BOS,W,265,123,51,104,0.49,15,44,0.341,6,10,0.6,17,36,53,24,5,5,11,17,1.0
22023,1610612740,NOP,New Orleans Pelicans,0022301061,2024-03-28,NOP vs. MIL,W,239,107,36,91,0.396,8,32,0.25,27,34,0.794,11,37,48,22,11,5,6,19,7.0
22023,1610612749,MIL,Milwaukee Bucks,0022301061,2024-03-28,MIL @ NOP,L,240,100,38,82,0.463,14,39,0.359,10,19,0.526,5,41,46,21,1,4,14,25,-7.0
22023,1610612754,IND,Indiana Pacers,0022301054,2024-03-27,IND @ CHI,L,238,99,34,85,0.4,13,42,0.31,18,23,0.783,12,28,40,25,3,4,13,23,-26.0
22023,1610612744,GSW,Golden State Warriors,0022301049,2024-03-27,GSW @ ORL,W,241,101,40,90,0.444,10,34,0.294,11,13,0.846,12,40,52,26,5,5,12,18,8.0
22023,1610612760,OKC,Oklahoma City Thunder,0022301057,2024-03-27,OKC vs. HOU,L,265,126,47,96,0.49,14,38,0.368,18,24,0.75,13,36,49,26,7,7,19,24,-6.0
22023,1610612745,HOU,Houston Rockets,0022301057,2024-03-27,HOU @ OKC,W,265,132,50,104,0.481,15,43,0.349,17,23,0.739,16,34,50,25,10,3,16,24,6.0
22023,1610612764,WAS,Washington Wizards,0022301050,2024-03-27,WAS vs. BKN,L,266,119,46,91,0.505,14,34,0.412,13,17,0.765,5,39,44,26,4,4,13,21,-3.0
22023,1610612752,NYK,New York Knicks,0022301053,2024-03-27,NYK @ TOR,W,239,145,55,94,0.585,22,44,0.5,13,16,0.813,15,27,42,37,7,8,11,17,44.0
22023,1610612761,TOR,Toronto Raptors,0022301053,2024-03-27,TOR vs. NYK,L,238,101,39,84,0.464,11,31,0.355,12,13,0.923,11,17,28,31,7,4,18,17,-44.0
22023,1610612747,LAL,Los Angeles Lakers,0022301055,2024-03-27,LAL @ MEM,W,239,136,45,81,0.556,18,33,0.545,28,35,0.8,4,39,43,31,5,4,15,19,12.0
22023,1610612741,CHI,Chicago Bulls,0022301054,2024-03-27,CHI vs. IND,W,241,125,49,98,0.5,12,27,0.444,15,18,0.833,13,41,54,28,7,5,7,19,26.0
22023,1610612743,DEN,Denver Nuggets,0022301059,2024-03-27,DEN vs. PHX,L,240,97,38,88,0.432,10,40,0.25,11,12,0.917,9,29,38,24,9,4,8,13,-7.0
22023,1610612739,CLE,Cleveland Cavaliers,0022301048,2024-03-27,CLE @ CHA,L,239,111,42,85,0.494,19,44,0.432,8,14,0.571,9,23,32,33,7,1,13,21,-7.0
22023,1610612757,POR,Portland Trail Blazers,0022301051,2024-03-27,POR @ ATL,L,241,106,43,85,0.506,14,31,0.452,6,10,0.6,6,27,33,35,8,2,18,18,-14.0
22023,1610612750,MIN,Minnesota Timberwolves,0022301056,2024-03-27,MIN vs. DET,W,238,106,42,82,0.512,11,36,0.306,11,16,0.688,9,31,40,28,8,3,12,17,15.0
22023,1610612762,UTA,Utah Jazz,0022301058,2024-03-27,UTA vs. SAS,L,240,111,39,83,0.47,13,35,0.371,20,22,0.909,6,30,36,25,8,4,21,16,-7.0
22023,1610612765,DET,Detroit Pistons,0022301056,2024-03-27,DET @ MIN,L,239,91,31,81,0.383,9,32,0.281,20,25,0.8,10,31,41,15,9,1,12,14,-15.0
22023,1610612751,BKN,Brooklyn Nets,0022301050,2024-03-27,BKN @ WAS,W,264,122,47,98,0.48,10,33,0.303,18,23,0.783,10,35,45,24,8,9,8,16,3.0
22023,1610612737,ATL,Atlanta Hawks,0022301051,2024-03-27,ATL vs. POR,W,240,120,44,85,0.518,16,41,0.39,16,20,0.8,8,33,41,23,12,9,16,17,14.0
22023,1610612756,PHX,Phoenix Suns,0022301059,2024-03-27,PHX @ DEN,W,240,104,39,83,0.47,16,33,0.485,10,11,0.909,12,39,51,29,3,7,16,13,7.0
22023,1610612766,CHA,Charlotte Hornets,0022301048,2024-03-27,CHA vs. CLE,W,239,118,44,76,0.579,13,33,0.394,17,22,0.773,8,30,38,30,8,2,15,14,7.0
22023,1610612759,SAS,San Antonio Spurs,0022301058,2024-03-27,SAS @ UTA,W,239,118,44,86,0.512,16,33,0.485,14,21,0.667,9,32,41,40,9,7,21,21,7.0
22023,1610612755,PHI,Philadelphia 76ers,0022301052,2024-03-27,PHI vs. LAC,L,240,107,39,82,0.476,13,33,0.394,16,19,0.842,10,41,51,17,3,11,12,18,-1.0
22023,1610612746,LAC,LA Clippers,0022301052,2024-03-27,LAC @ PHI,W,240,108,40,90,0.444,14,36,0.389,14,20,0.7,11,32,43,28,8,5,6,16,1.0
22023,1610612753,ORL,Orlando Magic,0022301049,2024-03-27,ORL vs. GSW,L,238,93,36,85,0.424,10,32,0.313,11,21,0.524,10,29,39,25,10,5,10,13,-8.0
22023,1610612763,MEM,Memphis Grizzlies,0022301055,2024-03-27,MEM vs. LAL,L,242,124,46,97,0.474,17,43,0.395,15,19,0.789,13,26,39,30,10,3,14,23,-12.0
22023,1610612758,SAC,Sacramento Kings,0022301047,2024-03-26,SAC vs. DAL,L,237,96,35,90,0.389,11,30,0.367,15,19,0.789,11,31,42,27,6,5,13,15,-36.0
22023,1610612748,MIA,Miami Heat,0022301044,2024-03-26,MIA vs. GSW,L,243,92,37,92,0.402,8,33,0.242,10,13,0.769,11,28,39,24,3,2,8,9,-21.0
22023,1610612744,GSW,Golden State Warriors,0022301044,2024-03-26,GSW @ MIA,W,243,113,47,85,0.553,13,38,0.342,6,10,0.6,7,36,43,31,6,5,10,20,21.0
22023,1610612749,MIL,Milwaukee Bucks,0022301045,2024-03-26,MIL vs. LAL,L,289,124,49,119,0.412,15,51,0.294,11,17,0.647,15,46,61,37,9,5,14,26,-4.0
22023,1610612747,LAL,Los Angeles Lakers,0022301045,2024-03-26,LAL @ MIL,W,290,128,42,108,0.389,14,44,0.318,30,32,0.938,15,54,69,30,4,8,17,13,4.0
22023,1610612740,NOP,New Orleans Pelicans,0022301046,2024-03-26,NOP vs. OKC,L,241,112,39,86,0.453,14,38,0.368,20,23,0.87,5,32,37,26,7,2,9,18,-7.0
22023,1610612760,OKC,Oklahoma City Thunder,0022301046,2024-03-26,OKC @ NOP,W,239,119,46,86,0.535,15,34,0.441,12,14,0.857,7,38,45,28,5,3,12,17,7.0
22023,1610612742,DAL,Dallas Mavericks,0022301047,2024-03-26,DAL @ SAC,W,239,132,51,92,0.554,22,39,0.564,8,13,0.615,5,44,49,34,10,4,9,18,36.0
22023,1610612739,CLE,Cleveland Cavaliers,0022301033,2024-03-25,CLE vs. CHA,W,240,115,46,86,0.535,17,41,0.415,6,10,0.6,9,38,47,41,4,3,12,15,23.0
22023,1610612755,PHI,Philadelphia 76ers,0022301042,2024-03-25,PHI @ SAC,L,241,96,34,82,0.415,11,34,0.324,17,20,0.85,15,32,47,18,2,4,15,25,-12.0
22023,1610612759,SAS,San Antonio Spurs,0022301039,2024-03-25,SAS vs. PHX,W,240,104,40,91,0.44,8,31,0.258,16,19,0.842,5,35,40,23,10,1,7,15,2.0
22023,1610612741,CHI,Chicago Bulls,0022301037,2024-03-25,CHI vs. WAS,L,240,105,36,87,0.414,10,35,0.286,23,28,0.821,9,37,46,27,9,8,11,14,-2.0
22023,1610612763,MEM,Memphis Grizzlies,0022301040,2024-03-25,MEM @ DEN,L,239,103,37,94,0.394,11,44,0.25,18,27,0.667,17,23,40,25,9,9,14,15,-25.0
22023,1610612761,TOR,Toronto Raptors,0022301036,2024-03-25,TOR vs. BKN,L,240,88,37,85,0.435,5,27,0.185,9,12,0.75,8,22,30,23,10,2,10,15,-8.0
22023,1610612762,UTA,Utah Jazz,0022301041,2024-03-25,UTA vs. DAL,L,241,105,37,87,0.425,13,39,0.333,18,22,0.818,11,35,46,28,6,3,12,15,-10.0
22023,1610612758,SAC,Sacramento Kings,0022301042,2024-03-25,SAC vs. PHI,W,239,108,38,86,0.442,10,38,0.263,22,28,0.786,11,29,40,25,6,6,7,18,12.0
22023,1610612737,ATL,Atlanta Hawks,0022301034,2024-03-25,ATL vs. BOS,W,241,120,46,87,0.529,18,36,0.5,10,17,0.588,15,29,44,30,5,3,13,18,2.0
22023,1610612757,POR,Portland Trail Blazers,0022301038,2024-03-25,POR @ HOU,L,240,92,36,87,0.414,7,33,0.212,13,15,0.867,10,34,44,14,5,6,16,25,-18.0
22023,1610612743,DEN,Denver Nuggets,0022301040,2024-03-25,DEN vs. MEM,W,240,128,48,90,0.533,15,32,0.469,17,18,0.944,15,35,50,38,10,7,15,23,25.0
22023,1610612766,CHA,Charlotte Hornets,0022301033,2024-03-25,CHA @ CLE,L,240,92,34,80,0.425,9,28,0.321,15,18,0.833,6,27,33,22,5,4,11,13,-23.0
22023,1610612746,LAC,LA Clippers,0022301043,2024-03-25,LAC vs. IND,L,240,116,46,85,0.541,6,20,0.3,18,22,0.818,11,25,36,26,4,4,8,19,-17.0
22023,1610612745,HOU,Houston Rockets,0022301038,2024-03-25,HOU vs. POR,W,240,110,37,93,0.398,12,39,0.308,24,25,0.96,13,32,45,19,7,7,8,16,18.0
22023,1610612765,DET,Detroit Pistons,0022301035,2024-03-25,DET @ NYK,L,241,99,34,88,0.386,10,34,0.294,21,22,0.955,7,30,37,22,8,5,12,22,-25.0
22023,1610612752,NYK,New York Knicks,0022301035,2024-03-25,NYK vs. DET,W,240,124,45,89,0.506,19,46,0.413,15,22,0.682,12,40,52,30,6,6,13,18,25.0
22023,1610612742,DAL,Dallas Mavericks,0022301041,2024-03-25,DAL @ UTA,W,240,115,44,92,0.478,12,42,0.286,15,18,0.833,10,37,47,31,9,7,6,17,10.0
22023,1610612764,WAS,Washington Wizards,0022301037,2024-03-25,WAS @ CHI,W,239,107,39,97,0.402,14,49,0.286,15,18,0.833,14,38,52,32,8,5,13,21,2.0
22023,1610612738,BOS,Boston Celtics,0022301034,2024-03-25,BOS @ ATL,L,241,118,47,95,0.495,11,38,0.289,13,19,0.684,12,26,38,21,7,8,7,16,-2.0
22023,1610612754,IND,Indiana Pacers,0022301043,2024-03-25,IND @ LAC,W,240,133,50,86,0.581,17,28,0.607,16,22,0.727,7,27,34,28,7,3,8,21,17.0
22023,1610612756,PHX,Phoenix Suns,0022301039,2024-03-25,PHX @ SAS,L,239,102,42,83,0.506,10,28,0.357,8,14,0.571,5,42,47,28,5,7,14,14,-2.0
22023,1610612751,BKN,Brooklyn Nets,0022301036,2024-03-25,BKN @ TOR,W,239,96,37,81,0.457,9,39,0.231,13,18,0.722,16,34,50,20,3,4,18,16,8.0
22023,1610612749,MIL,Milwaukee Bucks,0022301030,2024-03-24,MIL vs. OKC,W,240,118,49,92,0.533,11,34,0.324,9,14,0.643,15,42,57,33,7,5,16,21,25.0
22023,1610612744,GSW,Golden State Warriors,0022301031,2024-03-24,GSW @ MIN,L,241,110,38,85,0.447,14,36,0.389,20,26,0.769,7,34,41,23,8,3,12,19,-4.0
22023,1610612746,LAC,LA Clippers,0022301028,2024-03-24,LAC vs. PHI,L,239,107,40,83,0.482,10,28,0.357,17,18,0.944,10,27,37,27,2,9,13,11,-14.0
22023,1610612754,IND,Indiana Pacers,0022301032,2024-03-24,IND @ LAL,L,240,145,59,107,0.551,18,36,0.5,9,16,0.563,10,30,40,39,6,4,11,31,-5.0
22023,1610612760,OKC,Oklahoma City Thunder,0022301030,2024-03-24,OKC @ MIL,L,238,93,33,89,0.371,10,43,0.233,17,22,0.773,10,27,37,20,9,1,12,16,-25.0
22023,1610612765,DET,Detroit Pistons,0022301027,2024-03-24,DET vs. NOP,L,240,101,32,79,0.405,11,41,0.268,26,32,0.813,10,36,46,20,4,5,16,25,-13.0
22023,1610612748,MIA,Miami Heat,0022301029,2024-03-24,MIA vs. CLE,W,239,121,43,83,0.518,15,38,0.395,20,23,0.87,9,35,44,29,13,0,9,17,37.0
22023,1610612739,CLE,Cleveland Cavaliers,0022301029,2024-03-24,CLE @ MIA,L,239,84,30,72,0.417,9,29,0.31,15,20,0.75,4,26,30,24,3,3,17,16,-37.0
22023,1610612750,MIN,Minnesota Timberwolves,0022301031,2024-03-24,MIN vs. GSW,W,241,114,40,84,0.476,21,40,0.525,13,18,0.722,7,37,44,30,9,5,15,17,4.0
22023,1610612747,LAL,Los Angeles Lakers,0022301032,2024-03-24,LAL vs. IND,W,239,150,50,89,0.562,12,25,0.48,38,43,0.884,8,33,41,28,6,7,10,14,5.0
22023,1610612740,NOP,New Orleans Pelicans,0022301027,2024-03-24,NOP @ DET,W,239,114,41,81,0.506,11,34,0.324,21,31,0.677,6,35,41,27,8,7,10,22,13.0
22023,1610612755,PHI,Philadelphia 76ers,0022301028,2024-03-24,PHI @ LAC,W,240,121,48,90,0.533,18,37,0.486,7,9,0.778,12,25,37,32,7,10,8,18,14.0
22023,1610612756,PHX,Phoenix Suns,0022301025,2024-03-23,PHX @ SAS,W,242,131,56,94,0.596,11,24,0.458,8,10,0.8,7,32,39,38,11,5,8,18,25.0
22023,1610612766,CHA,Charlotte Hornets,0022301021,2024-03-23,CHA @ ATL,L,240,91,35,84,0.417,11,39,0.282,10,14,0.714,11,28,39,25,3,4,13,9,-41.0
22023,1610612753,ORL,Orlando Magic,0022301020,2024-03-23,ORL vs. SAC,L,241,107,42,88,0.477,10,35,0.286,13,18,0.722,12,37,49,27,5,3,13,20,-2.0
22023,1610612758,SAC,Sacramento Kings,0022301020,2024-03-23,SAC @ ORL,W,241,109,38,87,0.437,15,40,0.375,18,21,0.857,6,36,42,26,6,5,7,19,2.0
22023,1610612738,BOS,Boston Celtics,0022301023,2024-03-23,BOS @ CHI,W,240,124,44,86,0.512,21,48,0.438,15,17,0.882,12,29,41,28,5,3,12,9,11.0
22023,1610612762,UTA,Utah Jazz,0022301024,2024-03-23,UTA @ HOU,L,239,119,40,89,0.449,11,37,0.297,28,33,0.848,12,28,40,24,2,4,10,11,-28.0
22023,1610612764,WAS,Washington Wizards,0022301022,2024-03-23,WAS vs. TOR,W,239,112,44,92,0.478,11,35,0.314,13,19,0.684,16,39,55,28,7,8,17,18,3.0
22023,1610612743,DEN,Denver Nuggets,0022301026,2024-03-23,DEN @ POR,W,240,114,41,91,0.451,8,24,0.333,24,33,0.727,19,30,49,25,8,9,13,17,3.0
22023,1610612741,CHI,Chicago Bulls,0022301023,2024-03-23,CHI vs. BOS,L,241,113,47,82,0.573,9,24,0.375,10,11,0.909,3,26,29,36,7,3,7,18,-11.0
22023,1610612759,SAS,San Antonio Spurs,0022301025,2024-03-23,SAS vs. PHX,L,241,106,40,85,0.471,9,33,0.273,17,21,0.81,8,26,34,27,6,6,15,9,-25.0
22023,1610612745,HOU,Houston Rockets,0022301024,2024-03-23,HOU vs. UTA,W,241,147,54,97,0.557,27,49,0.551,12,14,0.857,12,32,44,31,7,3,9,26,28.0
22023,1610612751,BKN,Brooklyn Nets,0022301019,2024-03-23,BKN @ NYK,L,240,93,34,76,0.447,12,34,0.353,13,15,0.867,8,33,41,26,5,6,15,15,-12.0
22023,1610612752,NYK,New York Knicks,0022301019,2024-03-23,NYK vs. BKN,W,239,105,42,97,0.433,15,40,0.375,6,12,0.5,16,31,47,25,10,4,9,15,12.0
22023,1610612761,TOR,Toronto Raptors,0022301022,2024-03-23,TOR @ WAS,L,240,109,40,94,0.426,8,33,0.242,21,26,0.808,13,29,42,27,9,7,12,20,-3.0
22023,1610612757,POR,Portland Trail Blazers,0022301026,2024-03-23,POR vs. DEN,L,239,111,43,93,0.462,10,28,0.357,15,17,0.882,14,31,45,27,8,8,15,24,-3.0
22023,1610612737,ATL,Atlanta Hawks,0022301021,2024-03-23,ATL vs. CHA,W,240,132,50,90,0.556,20,42,0.476,12,14,0.857,11,32,43,40,9,5,8,14,41.0
22023,1610612765,DET,Detroit Pistons,0022301011,2024-03-22,DET vs. BOS,L,240,102,42,83,0.506,9,31,0.29,9,13,0.692,8,34,42,25,4,1,18,23,-27.0
22023,1610612738,BOS,Boston Celtics,0022301011,2024-03-22,BOS @ DET,W,241,129,47,89,0.528,16,45,0.356,19,27,0.704,8,27,35,31,9,5,7,15,27.0
22023,1610612739,CLE,Cleveland Cavaliers,0022301014,2024-03-22,CLE @ MIN,L,241,91,34,81,0.42,7,29,0.241,16,19,0.842,10,31,41,22,6,5,12,14,-13.0
22023,1610612755,PHI,Philadelphia 76ers,0022301018,2024-03-22,PHI @ LAL,L,240,94,33,96,0.344,8,37,0.216,20,24,0.833,13,29,42,20,13,7,8,23,-7.0
22023,1610612763,MEM,Memphis Grizzlies,0022301015,2024-03-22,MEM @ SAS,W,241,99,33,82,0.402,12,34,0.353,21,31,0.677,9,42,51,18,10,4,17,17,2.0
22023,1610612757,POR,Portland Trail Blazers,0022301017,2024-03-22,POR vs. LAC,L,241,117,45,93,0.484,12,33,0.364,15,25,0.6,15,26,41,29,11,1,10,19,-8.0
22023,1610612750,MIN,Minnesota Timberwolves,0022301014,2024-03-22,MIN vs. CLE,W,240,104,41,85,0.482,14,27,0.519,8,16,0.5,13,33,46,27,9,5,11,12,13.0
22023,1610612759,SAS,San Antonio Spurs,0022301015,2024-03-22,SAS vs. MEM,L,240,97,37,95,0.389,7,38,0.184,16,23,0.696,15,41,56,24,12,7,16,23,-2.0
22023,1610612748,MIA,Miami Heat,0022301013,2024-03-22,MIA vs. NOP,L,241,88,31,86,0.36,13,47,0.277,13,15,0.867,7,27,34,22,3,4,4,9,-23.0
22023,1610612740,NOP,New Orleans Pelicans,0022301013,2024-03-22,NOP @ MIA,W,240,111,42,82,0.512,18,36,0.5,9,12,0.75,12,44,56,25,3,2,12,13,23.0
22023,1610612754,IND,Indiana Pacers,0022301016,2024-03-22,IND @ GSW,W,240,123,48,99,0.485,15,36,0.417,12,16,0.75,12,38,50,32,8,10,11,14,12.0
22023,1610612761,TOR,Toronto Raptors,0022301012,2024-03-22,TOR vs. OKC,L,239,103,40,76,0.526,11,30,0.367,12,17,0.706,5,31,36,34,12,3,27,18,-20.0
22023,1610612760,OKC,Oklahoma City Thunder,0022301012,2024-03-22,OKC @ TOR,W,240,123,48,95,0.505,12,32,0.375,15,19,0.789,13,33,46,27,17,5,15,20,20.0
22023,1610612746,LAC,LA Clippers,0022301017,2024-03-22,LAC @ POR,W,240,125,44,77,0.571,14,33,0.424,23,27,0.852,7,33,40,26,8,8,17,21,8.0
22023,1610612744,GSW,Golden State Warriors,0022301016,2024-03-22,GSW vs. IND,L,240,111,43,106,0.406,14,48,0.292,11,16,0.688,24,40,64,24,6,6,14,15,-12.0
22023,1610612747,LAL,Los Angeles Lakers,0022301018,2024-03-22,LAL vs. PHI,W,239,101,32,73,0.438,12,31,0.387,25,33,0.758,11,43,54,22,1,7,21,16,7.0
22023,1610612749,MIL,Milwaukee Bucks,0022301007,2024-03-21,MIL vs. BKN,W,239,115,43,91,0.473,16,41,0.39,13,15,0.867,11,29,40,27,5,4,10,17,7.0
22023,1610612741,CHI,Chicago Bulls,0022301006,2024-03-21,CHI @ HOU,L,240,117,42,93,0.452,12,31,0.387,21,25,0.84,12,31,43,23,8,3,11,17,-10.0
22023,1610612740,NOP,New Orleans Pelicans,0022301004,2024-03-21,NOP @ ORL,L,241,106,42,78,0.538,6,20,0.3,16,21,0.762,3,30,33,24,11,1,18,18,-15.0
22023,1610612742,DAL,Dallas Mavericks,0022301008,2024-03-21,DAL vs. UTA,W,239,113,43,86,0.5,10,32,0.313,17,28,0.607,11,32,43,33,12,3,13,20,16.0
22023,1610612762,UTA,Utah Jazz,0022301008,2024-03-21,UTA @ DAL,L,241,97,38,83,0.458,4,30,0.133,17,19,0.895,5,33,38,29,6,3,18,23,-16.0
22023,1610612756,PHX,Phoenix Suns,0022301010,2024-03-21,PHX vs. ATL,W,240,128,41,74,0.554,22,41,0.537,24,27,0.889,7,31,38,28,4,11,17,19,13.0
22023,1610612758,SAC,Sacramento Kings,0022301005,2024-03-21,SAC @ WAS,L,240,102,37,86,0.43,11,39,0.282,17,19,0.895,10,27,37,21,12,7,15,20,-7.0
22023,1610612752,NYK,New York Knicks,0022301009,2024-03-21,NYK @ DEN,L,239,100,38,79,0.481,11,31,0.355,13,17,0.765,4,27,31,28,6,6,9,18,-13.0
22023,1610612743,DEN,Denver Nuggets,0022301009,2024-03-21,DEN vs. NYK,W,240,113,45,84,0.536,6,20,0.3,17,20,0.85,9,33,42,31,5,4,9,14,13.0
22023,1610612764,WAS,Washington Wizards,0022301005,2024-03-21,WAS vs. SAC,W,239,109,41,81,0.506,10,25,0.4,17,23,0.739,10,35,45,20,9,3,19,19,7.0
22023,1610612751,BKN,Brooklyn Nets,0022301007,2024-03-21,BKN @ MIL,L,239,108,41,92,0.446,13,44,0.295,13,16,0.813,15,34,49,29,7,1,14,12,-7.0
22023,1610612745,HOU,Houston Rockets,0022301006,2024-03-21,HOU vs. CHI,W,238,127,47,93,0.505,17,45,0.378,16,20,0.8,13,36,49,27,7,6,14,21,10.0
22023,1610612753,ORL,Orlando Magic,0022301004,2024-03-21,ORL vs. NOP,W,241,121,47,86,0.547,14,36,0.389,13,19,0.684,10,30,40,33,12,4,14,16,15.0
22023,1610612737,ATL,Atlanta Hawks,0022301010,2024-03-21,ATL @ PHX,L,241,115,40,91,0.44,12,35,0.343,23,29,0.793,12,24,36,27,11,3,8,23,-13.0
22023,1610612754,IND,Indiana Pacers,0022300997,2024-03-20,IND @ DET,W,240,122,50,88,0.568,11,29,0.379,11,18,0.611,5,35,40,38,13,6,12,16,19.0
22023,1610612763,MEM,Memphis Grizzlies,0022301001,2024-03-20,MEM @ GSW,L,240,116,42,96,0.438,18,49,0.367,14,18,0.778,16,29,45,29,4,3,10,15,-21.0
22023,1610612739,CLE,Cleveland Cavaliers,0022300996,2024-03-20,CLE vs. MIA,L,240,104,35,75,0.467,15,42,0.357,19,22,0.864,6,31,37,30,3,2,11,19,-3.0
22023,1610612746,LAC,LA Clippers,0022301003,2024-03-20,LAC @ POR,W,241,116,45,86,0.523,13,31,0.419,13,15,0.867,8,34,42,29,15,7,11,13,13.0
22023,1610612748,MIA,Miami Heat,0022300996,2024-03-20,MIA @ CLE,W,239,107,38,83,0.458,13,36,0.361,18,19,0.947,7,30,37,19,7,2,7,20,3.0
22023,1610612761,TOR,Toronto Raptors,0022300999,2024-03-20,TOR vs. SAC,L,239,89,33,80,0.413,10,31,0.323,13,18,0.722,11,20,31,21,11,3,21,15,-34.0
22023,1610612744,GSW,Golden State Warriors,0022301001,2024-03-20,GSW vs. MEM,W,240,137,58,100,0.58,19,39,0.487,2,6,0.333,13,35,48,43,6,5,6,17,21.0
22023,1610612758,SAC,Sacramento Kings,0022300999,2024-03-20,SAC @ TOR,W,239,123,48,93,0.516,12,40,0.3,15,18,0.833,18,35,53,32,14,6,15,16,34.0
22023,1610612749,MIL,Milwaukee Bucks,0022300998,2024-03-20,MIL @ BOS,L,239,119,45,84,0.536,17,35,0.486,12,14,0.857,9,32,41,20,3,6,14,25,-3.0
22023,1610612762,UTA,Utah Jazz,0022301000,2024-03-20,UTA @ OKC,L,238,107,40,90,0.444,10,36,0.278,17,18,0.944,11,36,47,20,6,5,15,22,-12.0
22023,1610612765,DET,Detroit Pistons,0022300997,2024-03-20,DET vs. IND,L,240,103,37,90,0.411,5,23,0.217,24,30,0.8,12,34,46,23,8,1,15,14,-19.0
22023,1610612755,PHI,Philadelphia 76ers,0022301002,2024-03-20,PHI @ PHX,L,240,102,41,95,0.432,13,37,0.351,7,18,0.389,13,27,40,33,12,7,9,12,-13.0
22023,1610612757,POR,Portland Trail Blazers,0022301003,2024-03-20,POR vs. LAC,L,240,103,39,81,0.481,15,34,0.441,10,15,0.667,8,30,38,21,6,4,17,16,-13.0
22023,1610612756,PHX,Phoenix Suns,0022301002,2024-03-20,PHX vs. PHI,W,240,115,45,90,0.5,19,39,0.487,6,8,0.75,14,41,55,34,7,12,23,18,13.0
22023,1610612738,BOS,Boston Celtics,0022300998,2024-03-20,BOS vs. MIL,W,238,122,40,85,0.471,18,40,0.45,24,29,0.828,11,26,37,25,6,5,9,18,3.0
22023,1610612760,OKC,Oklahoma City Thunder,0022301000,2024-03-20,OKC vs. UTA,W,240,119,43,88,0.489,10,34,0.294,23,29,0.793,10,35,45,29,10,7,10,16,12.0
22023,1610612750,MIN,Minnesota Timberwolves,0022300995,2024-03-19,MIN vs. DEN,L,241,112,42,88,0.477,12,35,0.343,16,23,0.696,8,29,37,25,10,7,7,16,-3.0
22023,1610612743,DEN,Denver Nuggets,0022300995,2024-03-19,DEN @ MIN,W,241,115,42,81,0.519,14,27,0.519,17,22,0.773,11,38,49,26,5,1,17,19,3.0
22023,1610612742,DAL,Dallas Mavericks,0022300994,2024-03-19,DAL @ SAS,W,239,113,44,91,0.484,10,30,0.333,15,17,0.882,3,37,40,31,6,3,9,18,6.0
22023,1610612759,SAS,San Antonio Spurs,0022300994,2024-03-19,SAS vs. DAL,L,239,107,39,89,0.438,14,39,0.359,15,21,0.714,9,39,48,31,6,10,15,14,-6.0
22023,1610612753,ORL,Orlando Magic,0022300991,2024-03-19,ORL vs. CHA,W,240,112,44,81,0.543,12,34,0.353,12,13,0.923,10,31,41,32,10,6,16,10,20.0
22023,1610612766,CHA,Charlotte Hornets,0022300991,2024-03-19,CHA @ ORL,L,239,92,38,79,0.481,9,29,0.31,7,9,0.778,4,26,30,19,8,1,17,13,-20.0
22023,1610612740,NOP,New Orleans Pelicans,0022300993,2024-03-19,NOP @ BKN,W,242,104,42,83,0.506,10,34,0.294,10,13,0.769,11,37,48,29,7,5,13,19,13.0
22023,1610612764,WAS,Washington Wizards,0022300992,2024-03-19,WAS vs. HOU,L,240,114,42,98,0.429,15,39,0.385,15,20,0.75,17,27,44,24,6,2,10,27,-23.0
22023,1610612751,BKN,Brooklyn Nets,0022300993,2024-03-19,BKN vs. NOP,L,242,91,31,84,0.369,12,40,0.3,17,22,0.773,14,28,42,19,6,4,13,13,-13.0
22023,1610612745,HOU,Houston Rockets,0022300992,2024-03-19,HOU @ WAS,W,240,137,47,91,0.516,13,39,0.333,30,36,0.833,12,35,47,25,6,11,7,15,23.0
22023,1610612763,MEM,Memphis Grizzlies,0022300989,2024-03-18,MEM @ SAC,L,265,111,37,98,0.378,13,38,0.342,24,30,0.8,15,34,49,22,13,7,12,23,-10.0
22023,1610612765,DET,Detroit Pistons,0022300984,2024-03-18,DET @ BOS,L,239,94,36,84,0.429,9,29,0.31,13,15,0.867,8,35,43,21,6,3,12,15,-25.0
22023,1610612757,POR,Portland Trail Blazers,0022300986,2024-03-18,POR @ CHI,L,240,107,40,88,0.455,8,28,0.286,19,25,0.76,13,30,43,21,7,5,13,24,-3.0
22023,1610612747,LAL,Los Angeles Lakers,0022300990,2024-03-18,LAL vs. ATL,W,239,136,52,90,0.578,15,36,0.417,17,20,0.85,4,44,48,39,6,4,8,15,31.0
22023,1610612748,MIA,Miami Heat,0022300985,2024-03-18,MIA @ PHI,L,240,91,35,89,0.393,12,33,0.364,9,14,0.643,11,38,49,23,8,3,15,13,-7.0
22023,1610612754,IND,Indiana Pacers,0022300983,2024-03-18,IND vs. CLE,L,240,103,42,91,0.462,9,38,0.237,10,16,0.625,14,31,45,28,8,3,11,24,-5.0
22023,1610612750,MIN,Minnesota Timberwolves,0022300987,2024-03-18,MIN @ UTA,W,240,114,44,91,0.484,16,41,0.39,10,12,0.833,12,23,35,27,9,9,9,15,10.0
22023,1610612741,CHI,Chicago Bulls,0022300986,2024-03-18,CHI vs. POR,W,241,110,41,93,0.441,11,33,0.333,17,21,0.81,13,27,40,26,9,5,9,21,3.0
22023,1610612737,ATL,Atlanta Hawks,0022300990,2024-03-18,ATL @ LAL,L,240,105,42,98,0.429,9,41,0.22,12,15,0.8,12,30,42,32,8,5,9,14,-31.0
22023,1610612738,BOS,Boston Celtics,0022300984,2024-03-18,BOS vs. DET,W,240,119,43,95,0.453,22,49,0.449,11,13,0.846,15,38,53,30,8,8,9,9,25.0
22023,1610612752,NYK,New York Knicks,0022300988,2024-03-18,NYK @ GSW,W,240,119,44,91,0.484,14,37,0.378,17,20,0.85,14,30,44,29,6,1,10,17,7.0
22023,1610612755,PHI,Philadelphia 76ers,0022300985,2024-03-18,PHI vs. MIA,W,241,98,37,85,0.435,13,36,0.361,11,12,0.917,7,39,46,23,7,12,12,16,7.0
22023,1610612762,UTA,Utah Jazz,0022300987,2024-03-18,UTA vs. MIN,L,242,104,39,84,0.464,14,32,0.438,12,14,0.857,14,33,47,25,6,3,17,13,-10.0
22023,1610612744,GSW,Golden State Warriors,0022300988,2024-03-18,GSW vs. NYK,L,241,112,42,88,0.477,14,36,0.389,14,18,0.778,12,27,39,29,7,5,13,16,-7.0
22023,1610612739,CLE,Cleveland Cavaliers,0022300983,2024-03-18,CLE @ IND,W,240,108,38,80,0.475,12,32,0.375,20,28,0.714,9,30,39,27,8,4,14,18,5.0
22023,1610612758,SAC,Sacramento Kings,0022300989,2024-03-18,SAC vs. MEM,W,265,121,42,94,0.447,11,35,0.314,26,32,0.813,15,44,59,30,7,10,17,25,10.0
22023,1610612759,SAS,San Antonio Spurs,0022300981,2024-03-17,SAS vs. BKN,W,265,122,46,99,0.465,9,37,0.243,21,23,0.913,13,37,50,30,6,10,17,17,7.0
22023,1610612749,MIL,Milwaukee Bucks,0022300976,2024-03-17,MIL vs. PHX,W,239,140,51,94,0.543,24,41,0.585,14,14,1.0,10,25,35,35,11,2,10,12,11.0
22023,1610612751,BKN,Brooklyn Nets,0022300981,2024-03-17,BKN @ SAS,L,265,115,47,102,0.461,8,31,0.258,13,19,0.684,11,37,48,29,13,5,12,20,-7.0
22023,1610612765,DET,Detroit Pistons,0022300977,2024-03-17,DET vs. MIA,L,240,101,38,83,0.458,14,36,0.389,11,14,0.786,7,37,44,24,4,7,12,19,-3.0
22023,1610612764,WAS,Washington Wizards,0022300980,2024-03-17,WAS vs. BOS,L,239,104,41,89,0.461,10,34,0.294,12,14,0.857,10,30,40,24,3,5,16,20,-26.0
22023,1610612743,DEN,Denver Nuggets,0022300978,2024-03-17,DEN @ DAL,L,241,105,37,84,0.44,12,28,0.429,19,22,0.864,6,31,37,26,7,6,7,16,-2.0
22023,1610612746,LAC,LA Clippers,0022300982,2024-03-17,LAC vs. ATL,L,239,93,28,74,0.378,11,36,0.306,26,29,0.897,10,30,40,17,10,5,15,13,-17.0
22023,1610612761,TOR,Toronto Raptors,0022300979,2024-03-17,TOR @ ORL,L,241,96,37,84,0.44,8,31,0.258,14,15,0.933,11,26,37,23,7,3,18,18,-15.0
22023,1610612748,MIA,Miami Heat,0022300977,2024-03-17,MIA @ DET,W,241,104,40,89,0.449,12,35,0.343,12,16,0.75,11,36,47,24,7,2,9,11,3.0
22023,1610612742,DAL,Dallas Mavericks,0022300978,2024-03-17,DAL vs. DEN,W,240,107,42,100,0.42,9,35,0.257,14,21,0.667,22,38,60,22,5,5,11,21,2.0
22023,1610612738,BOS,Boston Celtics,0022300980,2024-03-17,BOS @ WAS,W,241,130,43,87,0.494,24,50,0.48,20,24,0.833,12,31,43,30,9,6,14,17,26.0
22023,1610612737,ATL,Atlanta Hawks,0022300982,2024-03-17,ATL @ LAC,W,240,110,41,84,0.488,17,34,0.5,11,12,0.917,10,35,45,32,10,7,14,22,17.0
22023,1610612753,ORL,Orlando Magic,0022300979,2024-03-17,ORL vs. TOR,W,242,111,43,85,0.506,11,36,0.306,14,20,0.7,10,29,39,22,7,4,13,16,15.0
22023,1610612756,PHX,Phoenix Suns,0022300976,2024-03-17,PHX @ MIL,L,240,129,51,87,0.586,14,33,0.424,13,15,0.867,7,32,39,36,7,5,12,16,-11.0
22023,1610612750,MIN,Minnesota Timberwolves,0022300974,2024-03-16,MIN @ UTA,W,241,119,44,93,0.473,19,41,0.463,12,15,0.8,7,37,44,31,8,6,8,16,19.0
22023,1610612762,UTA,Utah Jazz,0022300974,2024-03-16,UTA vs. MIN,L,241,100,38,83,0.458,6,26,0.231,18,21,0.857,10,41,51,23,4,5,15,14,-19.0
22023,1610612758,SAC,Sacramento Kings,0022300975,2024-03-16,SAC vs. NYK,L,239,91,30,85,0.353,10,37,0.27,21,26,0.808,11,31,42,22,7,5,12,20,-7.0
22023,1610612740,NOP,New Orleans Pelicans,0022300970,2024-03-16,NOP vs. POR,W,240,126,52,97,0.536,13,33,0.394,9,10,0.9,10,29,39,36,8,5,9,13,19.0
22023,1610612751,BKN,Brooklyn Nets,0022300968,2024-03-16,BKN @ IND,L,241,100,33,77,0.429,10,25,0.4,24,31,0.774,12,33,45,18,8,3,20,18,-21.0
22023,1610612747,LAL,Los Angeles Lakers,0022300973,2024-03-16,LAL vs. GSW,L,241,121,47,92,0.511,12,34,0.353,15,18,0.833,8,31,39,32,3,4,9,13,-7.0
22023,1610612739,CLE,Cleveland Cavaliers,0022300967,2024-03-16,CLE @ HOU,L,239,103,37,82,0.451,12,38,0.316,17,20,0.85,7,38,45,22,6,7,15,12,-14.0
22023,1610612755,PHI,Philadelphia 76ers,0022300969,2024-03-16,PHI vs. CHA,W,240,109,36,81,0.444,13,41,0.317,24,25,0.96,10,31,41,25,9,4,15,23,11.0
22023,1610612766,CHA,Charlotte Hornets,0022300969,2024-03-16,CHA @ PHI,L,240,98,37,82,0.451,10,31,0.323,14,18,0.778,12,28,40,21,11,4,16,21,-11.0
22023,1610612744,GSW,Golden State Warriors,0022300973,2024-03-16,GSW @ LAL,W,241,128,51,97,0.526,14,34,0.412,12,15,0.8,14,31,45,38,3,4,7,19,7.0
22023,1610612741,CHI,Chicago Bulls,0022300971,2024-03-16,CHI vs. WAS,W,240,127,49,85,0.576,8,24,0.333,21,29,0.724,12,39,51,33,9,4,15,16,29.0
22023,1610612752,NYK,New York Knicks,0022300975,2024-03-16,NYK @ SAC,W,240,98,37,86,0.43,11,39,0.282,13,16,0.813,10,42,52,19,8,9,14,21,7.0
22023,1610612763,MEM,Memphis Grizzlies,0022300972,2024-03-16,MEM vs. OKC,L,240,112,37,81,0.457,18,44,0.409,20,26,0.769,7,29,36,34,7,4,14,20,-6.0
22023,1610612754,IND,Indiana Pacers,0022300968,2024-03-16,IND vs. BKN,W,240,121,50,105,0.476,6,30,0.2,15,16,0.938,17,33,50,21,13,4,10,23,21.0
22023,1610612757,POR,Portland Trail Blazers,0022300970,2024-03-16,POR @ NOP,L,241,107,42,84,0.5,12,33,0.364,11,12,0.917,10,26,36,23,3,7,19,15,-19.0
22023,1610612745,HOU,Houston Rockets,0022300967,2024-03-16,HOU vs. CLE,W,240,117,47,98,0.48,15,42,0.357,8,12,0.667,11,37,48,28,9,7,9,19,14.0
22023,1610612764,WAS,Washington Wizards,0022300971,2024-03-16,WAS @ CHI,L,241,98,36,84,0.429,13,32,0.406,13,22,0.591,9,23,32,27,12,7,15,21,-29.0
22023,1610612760,OKC,Oklahoma City Thunder,0022300972,2024-03-16,OKC @ MEM,W,240,118,45,87,0.517,12,35,0.343,16,21,0.762,8,37,45,25,7,8,11,19,6.0
22023,1610612737,ATL,Atlanta Hawks,0022300966,2024-03-15,ATL @ UTA,L,241,122,41,92,0.446,20,39,0.513,20,27,0.741,11,30,41,32,7,5,9,16,-2.0
22023,1610612746,LAC,LA Clippers,0022300964,2024-03-15,LAC @ NOP,L,240,104,37,77,0.481,12,33,0.364,18,19,0.947,5,32,37,18,6,8,12,17,-8.0
22023,1610612743,DEN,Denver Nuggets,0022300965,2024-03-15,DEN @ SAS,W,240,117,49,89,0.551,10,25,0.4,9,12,0.75,7,33,40,37,13,5,12,20,11.0
22023,1610612748,MIA,Miami Heat,0022300962,2024-03-15,MIA @ DET,W,239,108,43,91,0.473,7,34,0.206,15,21,0.714,9,35,44,23,14,6,8,16,13.0
22023,1610612756,PHX,Phoenix Suns,0022300961,2024-03-15,PHX @ CHA,W,240,107,40,87,0.46,11,38,0.289,16,20,0.8,10,47,57,31,3,3,10,20,11.0
22023,1610612740,NOP,New Orleans Pelicans,0022300964,2024-03-15,NOP vs. LAC,W,240,112,42,87,0.483,13,35,0.371,15,20,0.75,9,31,40,28,8,2,8,21,8.0
22023,1610612759,SAS,San Antonio Spurs,0022300965,2024-03-15,SAS vs. DEN,L,240,106,37,81,0.457,11,29,0.379,21,27,0.778,12,32,44,23,6,4,16,13,-11.0
22023,1610612761,TOR,Toronto Raptors,0022300963,2024-03-15,TOR vs. ORL,L,241,103,38,81,0.469,14,34,0.412,13,20,0.65,9,31,40,24,11,4,15,24,-10.0
22023,1610612753,ORL,Orlando Magic,0022300963,2024-03-15,ORL @ TOR,W,239,113,40,80,0.5,14,31,0.452,19,22,0.864,6,33,39,25,7,4,14,15,10.0
22023,1610612765,DET,Detroit Pistons,0022300962,2024-03-15,DET vs. MIA,L,240,95,36,84,0.429,10,38,0.263,13,15,0.867,9,39,48,27,5,2,17,16,-13.0
22023,1610612766,CHA,Charlotte Hornets,0022300961,2024-03-15,CHA vs. PHX,L,239,96,35,94,0.372,6,37,0.162,20,27,0.741,12,36,48,20,6,3,4,16,-11.0
22023,1610612762,UTA,Utah Jazz,0022300966,2024-03-15,UTA vs. ATL,W,239,124,46,90,0.511,14,36,0.389,18,20,0.9,10,39,49,24,6,7,11,21,2.0
22023,1610612746,LAC,LA Clippers,0022300956,2024-03-14,LAC @ CHI,W,240,126,48,80,0.6,20,40,0.5,10,14,0.714,6,29,35,32,9,2,9,16,15.0
22023,1610612756,PHX,Phoenix Suns,0022300955,2024-03-14,PHX @ BOS,L,241,112,47,99,0.475,11,31,0.355,7,10,0.7,19,32,51,27,4,3,13,12,-15.0
22023,1610612738,BOS,Boston Celtics,0022300955,2024-03-14,BOS vs. PHX,W,240,127,47,89,0.528,25,50,0.5,8,11,0.727,6,27,33,31,12,5,8,13,15.0
22023,1610612741,CHI,Chicago Bulls,0022300956,2024-03-14,CHI vs. LAC,L,239,111,41,86,0.477,16,35,0.457,13,16,0.813,11,25,36,28,4,2,13,14,-15.0
22023,1610612745,HOU,Houston Rockets,0022300957,2024-03-14,HOU vs. WAS,W,241,135,51,87,0.586,12,28,0.429,21,24,0.875,8,39,47,24,7,1,17,19,16.0
22023,1610612755,PHI,Philadelphia 76ers,0022300958,2024-03-14,PHI @ MIL,L,240,105,39,79,0.494,17,35,0.486,10,14,0.714,6,24,30,20,6,4,11,18,-9.0
22023,1610612742,DAL,Dallas Mavericks,0022300959,2024-03-14,DAL @ OKC,L,241,119,43,84,0.512,12,29,0.414,21,26,0.808,10,30,40,25,6,2,19,20,-7.0
22023,1610612764,WAS,Washington Wizards,0022300957,2024-03-14,WAS @ HOU,L,242,119,46,93,0.495,12,38,0.316,15,19,0.789,7,25,32,29,11,2,13,19,-16.0
22023,1610612760,OKC,Oklahoma City Thunder,0022300959,2024-03-14,OKC vs. DAL,W,239,126,45,86,0.523,16,39,0.41,20,23,0.87,8,26,34,28,10,7,13,24,7.0
22023,1610612752,NYK,New York Knicks,0022300960,2024-03-14,NYK @ POR,W,241,105,38,87,0.437,6,29,0.207,23,26,0.885,15,35,50,16,11,1,12,18,12.0
22023,1610612749,MIL,Milwaukee Bucks,0022300958,2024-03-14,MIL vs. PHI,W,241,114,39,72,0.542,16,36,0.444,20,24,0.833,6,31,37,29,6,4,14,14,9.0
22023,1610612757,POR,Portland Trail Blazers,0022300960,2024-03-14,POR vs. NYK,L,240,93,34,84,0.405,11,33,0.333,14,16,0.875,13,32,45,19,10,2,17,19,-12.0
22023,1610612761,TOR,Toronto Raptors,0022300946,2024-03-13,TOR @ DET,L,240,104,41,93,0.441,9,36,0.25,13,19,0.684,3,34,37,32,13,8,11,20,-9.0
22023,1610612765,DET,Detroit Pistons,0022300946,2024-03-13,DET vs. TOR,W,240,113,39,88,0.443,11,30,0.367,24,31,0.774,11,47,58,27,7,7,21,21,9.0
22023,1610612751,BKN,Brooklyn Nets,0022300947,2024-03-13,BKN @ ORL,L,240,106,38,81,0.469,7,26,0.269,23,27,0.852,8,24,32,21,7,4,13,19,-8.0
22023,1610612739,CLE,Cleveland Cavaliers,0022300951,2024-03-13,CLE @ NOP,W,242,116,47,92,0.511,20,45,0.444,2,3,0.667,8,38,46,38,4,4,9,18,21.0
22023,1610612741,CHI,Chicago Bulls,0022300948,2024-03-13,CHI @ IND,W,265,132,48,92,0.522,10,28,0.357,26,32,0.813,7,41,48,22,6,5,11,21,3.0
22023,1610612766,CHA,Charlotte Hornets,0022300950,2024-03-13,CHA @ MEM,W,241,110,44,82,0.537,13,36,0.361,9,13,0.692,6,29,35,26,12,7,20,11,12.0
